age_Ga,Neukum,Cui2024,Yue2026,Neukum_plus_CE6L,Cui2024_plus_CE6L,Yue2026_plus_CE6L
0.0,0.0,0.0,0.0,0.0,0.0,0.0
0.005,4.190000001917997e-06,3.82600000071072e-06,3.68850000015037e-06,4.409564704788225e-06,4.084730315373165e-06,3.7659780172880795e-06
0.01,8.380000003903617e-06,7.652000001447478e-06,7.37700000030656e-06,8.819129410068781e-06,8.169460630749077e-06,7.531956034584292e-06
0.015,1.2570000005959246e-05,1.147800000221123e-05,1.1065500000468795e-05,1.3228694115857496e-05,1.2254190946127843e-05,1.1297934051888947e-05
0.02,1.676000000808735e-05,1.5304000003002957e-05,1.475400000063731e-05,1.763825882217071e-05,1.633892126150958e-05,1.5063912069202371e-05
0.025,2.095000001029049e-05,1.9130000003823695e-05,1.844250000081235e-05,2.2047823529025285e-05,2.04236515768944e-05,1.8829890086524893e-05
0.03,2.51400000125713e-05,2.2956000004674495e-05,2.2131000000994158e-05,2.6457388236438618e-05,2.4508381892282422e-05,2.2595868103856862e-05
0.035,2.933000001493253e-05,2.678200000555647e-05,2.5819500001183013e-05,3.086695294442869e-05,2.859311220767378e-05,2.6361846121198646e-05
0.04,3.3520000017377e-05,3.0608000006470745e-05,2.9508000001379166e-05,3.527651765301401e-05,3.2677842523068604e-05,3.0127824138550608e-05
0.045,3.771000001990766e-05,3.443400000741853e-05,3.319650000158292e-05,3.968608236221375e-05,3.676257283846702e-05,3.389380215591314e-05
0.05,4.190000002252756e-05,3.826000000840103e-05,3.688500000179456e-05,4.409564707204764e-05,4.0847303153869186e-05,3.765978017328665e-05
0.055,4.6090000025239814e-05,4.208600000941952e-05,4.057350000201439e-05,4.850521178253608e-05,4.493203346927524e-05,4.142575819067156e-05
0.06,5.02800000280477e-05,4.591200001047533e-05,4.426200000224272e-05,5.29147764937001e-05,4.9016763784685325e-05,4.519173620806829e-05
0.065,5.447000003095458e-05,4.973800001156982e-05,4.79505000024799e-05,5.732434120556144e-05,5.310149410009962e-05,4.895771422547732e-05
0.07,5.866000003396396e-05,5.35640000127044e-05,5.163900000272626e-05,6.17339059181425e-05,5.718622441551828e-05,5.2723692242899094e-05
0.075,6.285000003707943e-05,5.739000001388054e-05,5.5327500002982134e-05,6.614347063146641e-05,6.127095473094146e-05,5.648967026033409e-05
0.08,6.704000004030475e-05,6.121600001509977e-05,5.9016000003247936e-05,7.055303534555709e-05,6.535568504636939e-05,6.0255648277782847e-05
0.085,7.12300000436438e-05,6.504200001636369e-05,6.270450000352403e-05,7.496260006043917e-05,6.94404153618022e-05,6.402162629524586e-05
0.09,7.542000004710054e-05,6.886800001767388e-05,6.639300000381078e-05,7.937216477613807e-05,7.352514567724009e-05,6.77876043127237e-05
0.095,7.961000005067918e-05,7.269400001903209e-05,7.008150000410866e-05,8.378172949268007e-05,7.76098759926833e-05,7.155358233021692e-05
0.1,8.380000005438399e-05,7.652000002044008e-05,7.377000000441806e-05,8.819129421009229e-05,8.169460630813199e-05,7.53195603477261e-05
0.105,8.799000005821941e-05,8.03460000218996e-05,7.745850000473942e-05,9.260085892840267e-05,8.577933662358641e-05,7.908553836525184e-05
0.11,9.218000006219008e-05,8.417200002341262e-05,8.114700000507324e-05,9.701042364764013e-05,8.986406693904679e-05,8.285151638279481e-05
0.115,9.637000006630073e-05,8.799800002498107e-05,8.483550000541997e-05,0.00010141998836783443,9.394879725451333e-05,8.661749440035563e-05
0.12,0.00010056000007055631,9.182400002660697e-05,8.852400000578011e-05,0.00010582955308901636,9.803352756998629e-05,9.038347241793499e-05
0.125,0.00010475000007496193,9.565000002829244e-05,9.22125000061542e-05,0.00011023911781121769,0.00010211825788546593,9.414945043553364e-05
0.13,0.00010894000007952288,9.947600003003966e-05,9.590100000654278e-05,0.00011464868253447115,0.0001062029882009525,9.791542845315226e-05
0.135,0.00011313000008424466,0.00010330200003185089,9.95895000069464e-05,0.00011905824725881056,0.00011028771851644629,0.00010168140647079164
0.14,0.00011732000008913289,0.00010712800003372848,0.00010327800000736563,0.0001234678119842709,0.00011437244883194757,0.00010544738448845256
0.145,0.00012151000009419346,0.00011095400003567483,0.00010696650000780106,0.0001278773767108881,0.00011845717914745663,0.00010921336250613584
0.15,0.00012570000009943247,0.0001147800000376925,0.00011065500000825338,0.00013228694143869945,0.00012254190946297378,0.00011297934052384236
0.155,0.0001298900001048562,0.0001186060000397841,0.0001143435000087232,0.00013669650616774328,0.00012662663977849935,0.00011674531854157298
0.16,0.0001340800001104711,0.00012243200004195232,0.0001180320000092112,0.00014110607089805926,0.0001307113700940337,0.00012051129655932866
0.165,0.00013827000011628406,0.00012625800004419996,0.0001217205000097181,0.0001455156356296883,0.0001347961004095771,0.0001242772745771103
0.17,0.00014246000012230192,0.00013008400004652998,0.00012540900001024464,0.00014992520036267252,0.00013888083072512993,0.00012804325259491893
0.17500000000000002,0.00014665000012853194,0.00013391000004894533,0.0001290975000107915,0.0001543347650970556,0.0001429655610406926,0.00013180923061275557
0.18,0.0001508400001349816,0.00013773600005144914,0.00013278600001135956,0.00015874432983288238,0.00014705029135626544,0.00013557520863062127
0.185,0.0001550300001416587,0.0001415620000540447,0.0001364745000119496,0.0001631538945701994,0.00015113502167184894,0.0001393411866485172
0.19,0.00015922000014857122,0.00014538800005673536,0.0001401630000125625,0.00016756345930905452,0.0001552197519874434,0.00014310716466644444
0.195,0.00016341000015572744,0.0001492140000595246,0.0001438515000131991,0.0001719730240494972,0.00015930448230304936,0.00014687314268440422
0.2,0.00016760000016313595,0.00015304000006241604,0.00014754000001386035,0.00017638258879157845,0.00016338921261866722,0.0001506391207023978
0.20500000000000002,0.0001717900001708057,0.00015686600006541336,0.00015122850001454718,0.00018079215353535098,0.00016747394293429744,0.00015440509872042646
0.21,0.0001759800001787458,0.00016069200006852048,0.0001549170000152606,0.00018520171828086913,0.0001715586732499405,0.00015817107673849148
0.215,0.00018017000018696593,0.0001645180000717415,0.00015860550001600162,0.00018961128302818906,0.00017564340356559697,0.00016193705475659435
0.22,0.00018436000019547585,0.00016834400007508044,0.00016229400001677136,0.00019402084777736867,0.00017972813388126736,0.00016570303277473644
0.225,0.00018855000020428578,0.00017217000007854177,0.00016598250001757084,0.00019843041252846778,0.00018381286419695214,0.0001694690107929193
0.23,0.00019274000021340636,0.00017599600008212985,0.00016967100001840133,0.00020283997728154802,0.00018789759451265194,0.00017323498881114443
0.23500000000000001,0.0001969300002228485,0.00017982200008584943,0.00017335950001926391,0.00020724954203667318,0.00019198232482836732,0.00017700096682941348
0.24,0.00020112000023262352,0.00018364800008970525,0.0001770480000201599,0.00021165910679390892,0.00019606705514409891,0.00018076694484772812
0.245,0.0002053100002427432,0.0001874740000937023,0.00018073650002109059,0.00021606867155332316,0.00020015178545984737,0.0001845329228660901
0.25,0.00020950000025321967,0.00019130000009784585,0.00018442500002205725,0.0002204782363149859,0.00020423651577561333,0.00018829890088450124
0.255,0.00021369000026406548,0.00019512600010214117,0.00018811350002306135,0.00022488780107896944,0.0002083212460913975,0.00019206487890296338
0.26,0.00021788000027529373,0.00019895200010659384,0.0001918020000241043,0.00022929736584534837,0.00021240597640720057,0.0001958308569214785
0.265,0.00022207000028691786,0.00020277800011120965,0.00019549050002518764,0.00023370693061419974,0.00021649070672302332,0.00019959683494004857
0.27,0.00022626000029895183,0.00020660400011599452,0.00019917900002631292,0.00023811649538560298,0.0002205754370388665,0.00020336281295867573
0.275,0.00023045000031141004,0.00021043000012095474,0.00020286750002748174,0.00024252606015964017,0.00022466016735473094,0.0002071287909773622
0.28,0.00023464000032430752,0.00021425600012609666,0.00020655600002869582,0.00024693562493639603,0.0002287448976706174,0.00021089476899611016
0.28500000000000003,0.00023883000033765974,0.00021808200013142694,0.00021024450002995684,0.0002513451897159579,0.00023282962798652686,0.00021466074701492201
0.29,0.00024302000035148266,0.00022190800013695245,0.00021393300003126668,0.0002557547544984159,0.00023691435830246012,0.00021842672503380014
0.295,0.000247210000365793,0.00022573400014268047,0.00021762150003262724,0.00026016431928386325,0.00024099908861841817,0.00022219270305274714
0.3,0.00025140000038060786,0.0002295600001486183,0.00022131000003404046,0.00026457388407239617,0.000245083818934402,0.00022595868107176564
0.305,0.0002555900003959451,0.0002333860001547737,0.00022499850003550838,0.00026898344886411367,0.0002491685492504126,0.00022972465909085836
0.31,0.000259780000411823,0.00023721200016115456,0.0002286870000370331,0.0002733930136591182,0.000253253279566451,0.00023349063711002808
0.315,0.0002639700004282608,0.00024103800016776918,0.00023237550003861687,0.00027780257845751546,0.0002573380098825184,0.00023725661512927782
0.32,0.0002681600004452781,0.0002448640001746261,0.0002360640000402619,0.0002822121432594145,0.0002614227401986158,0.00024102259314861057
0.325,0.00027235000046289543,0.0002486900001817343,0.00023975250004197064,0.00028662170806492785,0.0002655074705147444,0.00024478857116802955
0.33,0.00027654000048113394,0.0002525160001891029,0.0002434410000437455,0.00029103127287417174,0.00026959220083090554,0.000248554549187538
0.335,0.00028073000050001537,0.00025634200019674145,0.00024712950004558904,0.0002954408376872662,0.0002736769311471004,0.00025232052720713943
0.34,0.00028492000051956256,0.0002601680002046598,0.000250818000047504,0.0002998504025043348,0.00027776166146333036,0.0002560865052268373
0.34500000000000003,0.000289110000539799,0.0002639940002128683,0.00025450650004949296,0.00030425996732550553,0.0002818463917795967,0.00025985248324663534
0.35000000000000003,0.0002933000005607488,0.00026782000022137743,0.000258195000051559,0.00030866953215091017,0.000285931122095901,0.0002636184612665373
0.355,0.00029749000058243723,0.0002716460002301983,0.0002618835000537049,0.00031307909698068484,0.0002900158524122446,0.0002673844392865472
0.36,0.0003016800006048904,0.00027547200023934237,0.000265572000055934,0.00031748866181497,0.0002941005827286292,0.00027115041730666915
0.365,0.0003058700006281352,0.00027929800024882145,0.0002692605000582493,0.00032189822665391074,0.0002981853130450563,0.0002749163953269075
0.37,0.00031006000065219956,0.0002831240002586478,0.0002729490000606542,0.0003263077914976567,0.0003022700433615277,0.0002786823733472666
0.375,0.00031425000067711236,0.0002869500002688341,0.0002766375000631522,0.0003307173563463623,0.00030635477367804497,0.0002824483513677511
0.38,0.0003184400007029036,0.00029077600027939356,0.0002803260000657469,0.0003351269212001871,0.00031043950399461,0.0002862143293883659
0.385,0.00032263000072960406,0.00029460200029033995,0.000284014500068442,0.00033953648605929555,0.0003145242343112247,0.0002899803074091157
0.39,0.0003268200007572459,0.00029842800030168733,0.00028770300007124145,0.00034394605092385766,0.000318608964627891,0.0002937462854300059
0.395,0.00033101000078586233,0.0003022540003134504,0.00029139150007414925,0.00034835561579404863,0.0003226936949446109,0.0002975122634510418
0.4,0.0003352000008154877,0.00030608000032564443,0.00029508000007716964,0.0003527651806700495,0.0003267784252613865,0.0003012782414722289
0.405,0.00033939000084615763,0.0003099060003382851,0.00029876850008030685,0.00035717474555204705,0.0003308631555782201,0.00030504421949357303
0.41000000000000003,0.00034358000087790887,0.00031373200035138895,0.0003024570000835655,0.000361584310440234,0.0003349478858951138,0.00030881019751508016
0.41500000000000004,0.00034777000091077955,0.0003175580003649729,0.00030614550008695033,0.0003659938753348094,0.00033903261621207016,0.0003125761755367566
0.42,0.00035196000094480913,0.0003213840003790544,0.0003098340000904661,0.00037040344023597853,0.00034311734652909143,0.0003163421535586086
0.425,0.0003561500009800386,0.0003252100003936518,0.00031352250009411797,0.00037481300514395356,0.0003472020768461804,0.0003201081315806431
0.43,0.00036034000101651013,0.000329036000408784,0.0003172110000979112,0.00037922257005895314,0.0003512868071633396,0.0003238741096028669
0.435,0.0003645300010542675,0.00033286200042447053,0.00032089950010185124,0.00038363213498120315,0.0003553715374805718,0.00032764008762528737
0.44,0.00036872000109335615,0.00033668800044073184,0.00032458800010594385,0.0003880416999109367,0.00035945626779788,0.000331406065647912
0.445,0.00037291000113382297,0.0003405140004575888,0.0003282765001101948,0.0003924512648483944,0.0003635409981152669,0.0003351720436707484
0.45,0.0003771000011757165,0.00034434000047506335,0.00033196500011461024,0.0003968608297938245,0.0003676257284327359,0.0003389380216938049
0.455,0.00038129000121908706,0.0003481660004931781,0.00033565350011919665,0.0004012703947474833,0.00037171045875029,0.0003427039997170898
0.46,0.0003854800012639868,0.00035199200051195644,0.0003393420001239606,0.0004056799597096354,0.00037579518906793275,0.00034646997774061175
0.465,0.0003896700013104696,0.0003558180005314227,0.0003430305001289089,0.00041008952468055387,0.0003798799193856675,0.0003502359557643799
0.47000000000000003,0.0003938600013585912,0.0003596440005516022,0.0003467190001340487,0.00041449908966052047,0.0003839646497034979,0.00035400193378840364
0.47500000000000003,0.00039805000140840947,0.00036347000057252094,0.00035040750013938743,0.00041890865464982616,0.0003880493800214277,0.0003577679118126927
0.48,0.0004022400014599842,0.000367296000594206,0.0003540960001449328,0.0004233182196487711,0.0003921341103394608,0.0003615338898372572
0.485,0.00040643000151337726,0.00037112200061668556,0.0003577845001506929,0.0004277277846576653,0.00039621884065760136,0.0003652998678621077
0.49,0.00041062000156865286,0.00037494800063998855,0.00036147300015667585,0.00043213734967682854,0.00040030357097585353,0.0003690658458872551
0.495,0.0004148100016258774,0.00037877400066414535,0.00036516150016289035,0.00043654691470659097,0.0004043883012942217,0.0003728318239127108
0.5,0.00041900000168511943,0.0003826000006891871,0.0003688500001693455,0.0004409564797472933,0.00040847303161271046,0.00037659780193848643
0.505,0.00042319000174645014,0.0003864260007151463,0.00037253850017605043,0.00044536604479928737,0.0004125577619313246,0.0003803637799645943
0.51,0.0004273800018099433,0.00039025200074205654,0.0003762270001830148,0.00044977560986293605,0.0004166424922500689,0.00038412975799104713
0.515,0.000431570001875675,0.00039407800076995253,0.00037991550019024885,0.0004541851749386141,0.00042072722256894865,0.000387895736017858
0.52,0.00043576000194372425,0.00039790400079887055,0.0003836040001977629,0.00045859474002670825,0.00042481195288796903,0.0003916617140450407
0.525,0.0004399500020141727,0.000401730000828848,0.00038729250020556774,0.00046300430512761766,0.00042889668320713573,0.0003954276920726093
0.53,0.0004441400020871051,0.0004055560008599237,0.0003909810002136746,0.00046741387024175433,0.0004329814135264543,0.00039919367010057854
0.535,0.0004483300021626088,0.00040938200089213784,0.00039466950022209535,0.0004718234353695435,0.000437066143845931,0.00040295964812896384
0.54,0.00045252000224077455,0.0004132080009255321,0.000398358000230842,0.000476233000511424,0.00044115087416557176,0.000406725626157781
0.545,0.0004567100023216962,0.00041703400096014976,0.00040204650023992715,0.000480642565667849,0.0004452356044853833,0.00041049160418704655
0.55,0.00046090000240547093,0.0004208600009960357,0.00040573500024936396,0.0004850521308392861,0.000449320334805372,0.00041425758221677757
0.555,0.00046509000249219935,0.00042468600103323634,0.00040942350025916603,0.0004894616960262177,0.00045340506512554524,0.00041802356024699187
0.56,0.0004692800025819856,0.0004285120010717998,0.0004131120002693475,0.0004938712612291423,0.00045748979544590993,0.00042178953827770783
0.5650000000000001,0.00047347000267493745,0.000432338001111776,0.00041680050027992306,0.0004982808264485737,0.00046157452576647384,0.0004255555163089447
0.5700000000000001,0.0004776600027711665,0.00043616400115321674,0.0004204890002909079,0.0005026903916850428,0.00046565925608724467,0.00042932149434072236
0.5750000000000001,0.0004818500028707884,0.0004399900011961757,0.00042417750030231794,0.0005070999569390972,0.0004697439864082306,0.00043308747237306137
0.58,0.00048604000297392257,0.00044381600124070836,0.00042786600031416953,0.0005115095222113022,0.00047382871672944004,0.0004368534504059832
0.585,0.0004902300030806931,0.0004476420012868726,0.0004315545003264799,0.0005159190875022416,0.0004779134470508819,0.00044061942843951016
0.59,0.0004944200031912281,0.00045146800133472807,0.0004352430003392668,0.0005203286528125175,0.0004819981773725653,0.00044438540647366543
0.595,0.00049861000330566,0.00045529400138433673,0.0004389315003525486,0.0005247382181427517,0.0004860829076944996,0.0004481513845084728
0.6,0.0005028000034241268,0.00045912000143576273,0.00044262000036634445,0.0005291477834935855,0.0004901676380166948,0.00045191736254395734
0.605,0.0005069900035467703,0.0004629460014890728,0.00044630850038067426,0.0005335573488656816,0.0004942523683391613,0.0004556833405801448
0.61,0.0005111800036737378,0.0004667720015443359,0.00044999700039555874,0.0005379669142597233,0.0004983370986619095,0.0004594493186170621
0.615,0.000515370003805182,0.00047059800160162353,0.0004536855004110194,0.0005423764796764162,0.0005024218289849506,0.000463215296654737
0.62,0.0005195600039412604,0.00047442400166100996,0.00045737400042707827,0.0005467860451164884,0.0005065065593082961,0.0004669812746931985
0.625,0.0005237500040821367,0.0004782500017225719,0.00046106250044375885,0.0005511956105806918,0.0005105912896319581,0.00047074725273247675
0.63,0.0005279400042279797,0.00048207600178638924,0.00046475100046108506,0.0005556051760698019,0.0005146760199559488,0.0004745132307726027
0.635,0.000532130004378965,0.00048590200185254456,0.0004684395004790818,0.0005600147415846195,0.0005187607502802814,0.0004782792088136089
0.64,0.0005363200045352734,0.0004897280019211235,0.0004721280004977752,0.0005644243071259711,0.0005228454806049693,0.0004820451868555289
0.645,0.000540510004697093,0.0004935540019922148,0.0004758165005171921,0.0005688338726947099,0.0005269302109300262,0.0004858111648983975
0.65,0.0005447000048646178,0.0004973800020659106,0.00047950500053736055,0.0005732434382917162,0.0005310149412554669,0.0004895771429422512
0.655,0.0005488900050380491,0.0005012060021423061,0.00048319350055830957,0.0005776530039178988,0.0005350996715813066,0.0004933431209871273
0.66,0.0005530800052175952,0.0005050320022215004,0.00048688200058006947,0.0005820625695741956,0.0005391844019075607,0.000497109099033065
0.665,0.0005572700054034715,0.0005088580023035961,0.0004905705006026716,0.0005864721352615747,0.0005432691322342455,0.0005008750770801048
0.67,0.0005614600055959014,0.0005126840023886994,0.0004942590006261486,0.0005908817009810358,0.0005473538625613782,0.0005046410551282888
0.675,0.0005656500057951157,0.0005165100024769203,0.0004979475006505342,0.0005952912667336099,0.0005514385928889763,0.0005084070331776607
0.68,0.000569840006001354,0.0005203360025683734,0.0005016360006758636,0.0005997008325203617,0.0005555233232170581,0.0005121730112282658
0.685,0.0005740300062148635,0.0005241620026631766,0.0005053245007021734,0.0006041103983423898,0.0005596080535456426,0.0005159389892801513
0.6900000000000001,0.0005782200064359008,0.0005279880027614531,0.0005090130007295016,0.0006085199642008286,0.0005636927838747496,0.000519704967333366
0.6950000000000001,0.0005824100066647313,0.0005318140028633302,0.0005127015007578876,0.0006129295300968484,0.0005677775142043998,0.0005234709453879607
0.7000000000000001,0.0005866000069016298,0.0005356400029689392,0.0005163900007873722,0.0006173390960316576,0.0005718622445346143,0.000527236923443988
0.705,0.0005907900071468806,0.0005394660030784174,0.0005200785008179978,0.0006217486620065029,0.0005759469748654154,0.0005310029015015026
0.71,0.0005949800074007783,0.0005432920031919062,0.0005237670008498091,0.000626158228022672,0.0005800317051968262,0.0005347688795605616
0.715,0.0005991700076636279,0.0005471180033095528,0.0005274555008828516,0.0006305677940814929,0.0005841164355288709,0.0005385348576212236
0.72,0.0006033600079357447,0.0005509440034315094,0.000531144000917173,0.0006349773601843371,0.0005882011658615742,0.0005423008356835499
0.725,0.0006075500082174557,0.0005547700035579338,0.0005348325009528228,0.0006393869263326197,0.000592285896194962,0.0005460668137476042
0.73,0.000611740008509099,0.0005585960036889898,0.0005385210009898524,0.0006437964925278018,0.0005963706265290612,0.0005498327918134524
0.735,0.0006159300088110249,0.000562422003824847,0.0005422095010283152,0.0006482060587713909,0.0006004553568638999,0.000553598769881163
0.74,0.0006201200091235959,0.0005662480039656816,0.0005458980010682669,0.0006526156250649433,0.0006045400871995073,0.0005573647479508071
0.745,0.0006243100094471874,0.0005700740041116755,0.0005495865011097647,0.0006570251914100653,0.0006086248175359134,0.0005611307260224585
0.75,0.0006285000097821877,0.0005739000042630179,0.0005532750011528689,0.0006614347578084148,0.0006127095478731499,0.0005648967040961938
0.755,0.0006326900101289993,0.0005777260044199047,0.0005569635011976414,0.0006658443242617031,0.000616794278211249,0.0005686626821720927
0.76,0.0006368800104880385,0.0005815520045825391,0.0005606520012441467,0.0006702538907716963,0.0006208790085502452,0.000572428660250238
0.765,0.0006410700108597365,0.0005853780047511318,0.0005643405012924522,0.0006746634573402176,0.0006249637388901734,0.000576194638330715
0.77,0.0006452600112445396,0.0005892040049259007,0.0005680290013426271,0.0006790730239691484,0.0006290484692310706,0.000579960616413613
0.775,0.0006494500116429097,0.0005930300051070725,0.0005717175013947443,0.000683482590660431,0.0006331331995729744,0.0005837265944990245
0.78,0.0006536400120553253,0.0005968560052948813,0.0005754060014488787,0.0006878921574160696,0.0006372179299159249,0.0005874925725870453
0.785,0.0006578300124822816,0.0006006820054895706,0.0005790945015051082,0.0006923017242381336,0.0006413026602599632,0.0005912585506777753
0.79,0.0006620200129242912,0.0006045080056913924,0.0005827830015635142,0.0006967112911287584,0.0006453873906051319,0.0005950245287713176
0.795,0.0006662100133818849,0.0006083340059006079,0.0005864715016241809,0.0007011208580901482,0.0006494721209514754,0.0005987905068677799
0.8,0.0006704000138556121,0.0006121600061174882,0.0005901600016871956,0.0007055304251245777,0.0006535568512990403,0.0006025564849672736
0.805,0.0006745900143460416,0.0006159860063423137,0.0005938485017526493,0.0007099399922343955,0.0006576415816478744,0.0006063224630699144
0.81,0.0006787800148537625,0.0006198120065753757,0.0005975370018206364,0.000714349559422025,0.0006617263119980277,0.0006100884411758225
0.8150000000000001,0.0006829700153793842,0.0006236380068169762,0.000601225501891255,0.0007187591266899678,0.000665811042349552,0.0006138544192851226
0.8200000000000001,0.0006871600159235377,0.0006274640070674276,0.0006049140019646069,0.000723168694040806,0.0006698957727025015,0.0006176203973979442
0.8250000000000001,0.0006913500164868767,0.0006312900073270544,0.0006086025020407979,0.0007275782614772045,0.000673980503056932,0.000621386375514422
0.8300000000000001,0.0006955400170700776,0.0006351160075961925,0.000612291002119938,0.000731987829001914,0.0006780652334129018,0.0006251523536346955
0.835,0.0006997300176738404,0.0006389420078751905,0.000615979502202141,0.0007363973966177736,0.0006821499637704715,0.0006289183317589095
0.84,0.0007039200182988904,0.0006427680081644097,0.0006196680022875258,0.0007408069643277138,0.000686234694129704,0.0006326843098872146
0.845,0.000708110018945978,0.0006465940084642244,0.0006233565023762154,0.0007452165321347592,0.0006903194244906648,0.000636450288019767
0.85,0.0007123000196158801,0.0006504200087750231,0.0006270450024683379,0.0007496261000420316,0.000694404154853422,0.0006402162661567289
0.855,0.0007164900203094012,0.0006542460090972077,0.000630733502564026,0.0007540356680527531,0.0006984888852180461,0.0006439822442982685
0.86,0.000720680021027374,0.0006580720094311958,0.0006344220026634176,0.0007584452361702497,0.0007025736155846105,0.0006477482224445609
0.865,0.0007248700217706605,0.0006618980097774194,0.0006381105027666562,0.0007628548043979538,0.0007066583459531917,0.0006515142005957873
0.87,0.0007290600225401534,0.0006657240101363269,0.0006417990028738908,0.0007672643727394088,0.000710743076323869,0.0006552801787521363
0.875,0.0007332500233367764,0.0006695500105083832,0.0006454875029852759,0.0007716739411982715,0.0007148278066967248,0.0006590461569138035
0.88,0.0007374400241614863,0.0006733760108940698,0.0006491760031009722,0.0007760835097783166,0.0007189125370718449,0.0006628121350809919
0.885,0.0007416300250152731,0.000677202011293886,0.0006528645032211465,0.0007804930784834396,0.0007229972674493183,0.0006665781132539121
0.89,0.0007458200258991623,0.0006810280117083495,0.0006565530033459722,0.0007849026473176622,0.0007270819978292376,0.0006703440914327835
0.895,0.0007500100268142149,0.0006848540121379969,0.0006602415034756292,0.0007893122162851345,0.0007311667282116992,0.0006741100696178328
0.9,0.00075420002776153,0.0006886800125833845,0.0006639300036103047,0.0007937217853901403,0.0007352514585968028,0.0006778760478092963
0.905,0.0007583900287422448,0.000692506013045089,0.000667618503750193,0.0007981313546371014,0.0007393361889846524,0.0006816420260074188
0.91,0.0007625800297575367,0.0006963320135237081,0.0006713070038954956,0.0008025409240305815,0.0007434209193753563,0.0006854080042124544
0.915,0.0007667700308086254,0.0007001580140198613,0.0006749955040464221,0.0008069504935752907,0.0007475056497690266,0.0006891739824246672
0.92,0.0007709600318967724,0.0007039840145341913,0.0006786840042031903,0.0008113600632760912,0.00075159038016578,0.0006929399606443314
0.925,0.0007751500330232847,0.0007078100150673638,0.0006823725043660264,0.0008157696331380013,0.0007556751105657379,0.0006967059388717314
0.93,0.0007793400341895147,0.000711636015620069,0.000686061004535165,0.0008201792031662001,0.0007597598409690262,0.0007004719171071625
0.935,0.0007835300353968629,0.0007154620161930229,0.00068974950471085,0.0008245887733660341,0.0007638445713757762,0.0007042378953509314
0.9400000000000001,0.0007877200366467788,0.0007192880167869668,0.0006934380048933351,0.0008289983437430209,0.0007679293017861239,0.0007080038736033567
0.9450000000000001,0.0007919100379407635,0.0007231140174026699,0.0006971265050828832,0.0008334079143028558,0.0007720140322002107,0.0007117698518647688
0.9500000000000001,0.0007961000392803705,0.0007269400180409295,0.000700815005279768,0.0008378174850514174,0.000776098762618184,0.0007155358301355107
0.9550000000000001,0.0008002900406672086,0.0007307660187025716,0.0007045035054842731,0.0008422270559947728,0.0007801834930401965,0.0007193018084159389
0.96,0.0008044800421029428,0.0007345920193884531,0.0007081920056966937,0.0008466366271391846,0.0007842682234664072,0.0007230677867064229
0.965,0.000808670043589297,0.000738418020099462,0.0007118805059173361,0.0008510461984911166,0.0007883529538969813,0.0007268337650073473
0.97,0.0008128600451280562,0.0007422440208365189,0.0007155690061465186,0.0008554557700572404,0.0007924376843320903,0.0007305997433191101
0.975,0.0008170500467210678,0.0007460700216005778,0.0007192575063845716,0.000859865341844442,0.0007965224147719129,0.0007343657216421256
0.98,0.0008212400483702449,0.0007498960223926281,0.0007229460066318386,0.0008642749138598288,0.0008006071452166343,0.0007381316999768233
0.985,0.0008254300500775672,0.0007537220232136954,0.0007266345068886759,0.0008686844861107369,0.0008046918756664474,0.0007418976783236494
0.99,0.0008296200518450854,0.0007575480240648424,0.0007303230071554542,0.0008730940586047379,0.0008087766061215522,0.0007456636566830669
0.995,0.0008338100536749213,0.0007613740249471714,0.0007340115074325584,0.0008775036313496471,0.0008128613365821573,0.0007494296350555567
1.0,0.0008380000555692725,0.0007652000258618246,0.000737700007720388,0.000881913204353531,0.0008169460670484789,0.0007531956134416178
1.0050000000000001,0.0008421900575304133,0.0007690260268099862,0.0007413885080193581,0.0008863227776247152,0.0008210307975207421,0.0007569615918417686
1.01,0.0008463800595606986,0.0007728520277928838,0.0007450770083298997,0.0008907323511717933,0.0008251155279991801,0.000760727570256547
1.0150000000000001,0.0008505700616625664,0.00077667802881179,0.0007487655086524612,0.0008951419250036352,0.0008292002584840364,0.0007644935486865116
1.02,0.0008547600638385402,0.000780504029868024,0.0007524540089875072,0.0008995514991293955,0.0008332849889755631,0.0007682595271322422
1.025,0.0008589500660912331,0.000784330030962953,0.0007561425093355215,0.0009039610735585234,0.0008373697194740229,0.0007720255055943408
1.03,0.00086314006842335,0.0007881560320979951,0.0007598310096970057,0.0009083706483007723,0.0008414544499796888,0.0007757914840734327
1.035,0.0008673300708376909,0.0007919820332746194,0.0007635195100724812,0.0009127802233662081,0.0008455391804928437,0.0007795574625701665
1.04,0.000871520073337155,0.0007958080344943497,0.0007672080104624897,0.0009171897987652216,0.0008496239110137826,0.0007833234410852159
1.045,0.0008757100759247434,0.0007996340357587648,0.0007708965108675934,0.0009215993745085364,0.0008537086415428117,0.0007870894196192802
1.05,0.0008799000786035633,0.000803460037069502,0.000774585011288377,0.0009260089506072221,0.0008577933720802495,0.0007908553981730858
1.055,0.0008840900813768311,0.000807286038428258,0.0007782735117254469,0.0009304185270727029,0.0008618781026264262,0.000794621376747386
1.06,0.0008882800842478771,0.0008111120398367925,0.0007819620121794338,0.0009348281039167715,0.0008659628331816861,0.0007983873553429639
1.065,0.000892470087220148,0.0008149380412969284,0.0007856505126509923,0.0009392376811515987,0.0008700475637463866,0.0008021533339606317
1.07,0.0008966600902972136,0.000818764042810557,0.0007893390131408028,0.0009436472587897473,0.0008741322943208989,0.000805919312601233
1.075,0.0009008500934827678,0.0008225900443796372,0.0007930275136495713,0.0009480568368441833,0.000878217024905609,0.0008096852912656433
1.08,0.0009050400967806364,0.0008264160460062011,0.0007967160141780321,0.0009524664153282905,0.0008823017555009183,0.000813451269954772
1.085,0.0009092301001947787,0.0008302420476923541,0.0008004045147269468,0.000956875994255882,0.0008863864861072435,0.0008172172486695629
1.09,0.0009134201037292948,0.0008340680494402798,0.0008040930152971077,0.0009612855736412158,0.0008904712167250185,0.0008209832274109959
1.095,0.000917610107388428,0.0008378940512522407,0.0008077815158893366,0.0009656951534990074,0.0008945559473546932,0.0008247492061800881
1.1,0.0009218001111765728,0.0008417200531305832,0.000811470016504488,0.0009701047338444463,0.000898640677996736,0.0008285151849778961
1.105,0.0009259901150982772,0.0008455460550777388,0.0008151585171434489,0.0009745143146932095,0.0009027254086516334,0.000832281163805516
1.11,0.0009301801191582503,0.0008493720570962287,0.0008188470178071411,0.000978923896061479,0.0009068101393198915,0.0008360471426640864
1.115,0.000934370123361367,0.0008531980591886661,0.0008225355184965214,0.0009833334779659557,0.0009108948700020355,0.0008398131215547888
1.12,0.0009385601277126745,0.0008570240613577605,0.0008262240192125847,0.0009877430604238787,0.0009149796006986118,0.0008435791004788506
1.125,0.0009427501322173972,0.0008608500636063197,0.0008299125199563632,0.0009921526434530403,0.0009190643314101884,0.0008473450794375453
1.1300000000000001,0.0009469401368809444,0.0008646760659372552,0.00083360102072893,0.0009965622270718061,0.0009231490621373553,0.0008511110584321956
1.135,0.0009511301417089156,0.0008685020683535847,0.000837289521531399,0.0010009718112991303,0.0009272337928807258,0.0008548770374641742
1.1400000000000001,0.0009553201467071081,0.0008723280708584369,0.0008409780223649279,0.0010053813961545784,0.0009313185236409375,0.0008586430165349068
1.145,0.0009595101518815233,0.0008761540734550544,0.0008446665232307186,0.0010097909816583431,0.0009354032544186528,0.0008624089956458727
1.1500000000000001,0.0009637001572383746,0.0008799800761467994,0.0008483550241300202,0.0010142005678312682,0.0009394879852145607,0.0008661749747986086
1.155,0.0009678901627840939,0.0008838060789371568,0.0008520435250641294,0.0010186101546948655,0.0009435727160293765,0.0008699409539947094
1.16,0.0009720801685253404,0.000887632081829739,0.0008557320260343934,0.0010230197422713403,0.0009476574468638443,0.0008737069332358308
1.165,0.0009762701744690078,0.0008914580848282917,0.000859420527042212,0.0010274293305836105,0.0009517421777187373,0.0008774729125236923
1.17,0.0009804601806222327,0.0008952840879366964,0.0008631090280890382,0.0010318389196553313,0.0009558269085948589,0.0008812388918600781
1.175,0.0009846501869924043,0.0008991100911589781,0.0008667975291763824,0.0010362485095109185,0.0009599116394930446,0.0008850048712468416
1.18,0.0009888401935871703,0.0009029360944993082,0.0008704860303058123,0.0010406581001755721,0.0009639963704141621,0.0008887708506859061
1.185,0.0009930302004144504,0.000906762097962012,0.0008741745314789571,0.0010450676916753038,0.0009680811013591137,0.0008925368301792691
1.19,0.0009972202074824417,0.0009105881015515721,0.000877863032697509,0.0010494772840369598,0.0009721658323288371,0.0008963028097290033
1.195,0.0010014102147996317,0.0009144141052726362,0.000881551533963225,0.0010538868772882507,0.0009762505633243071,0.000900068789337262
1.2,0.0010056002223748058,0.0009182401091300218,0.000885240035277931,0.0010582964714577765,0.0009803352943465362,0.0009038347690062793
1.205,0.0010097902302170603,0.0009220661131287234,0.0008889285366435231,0.0010627060665750587,0.0009844200253965778,0.0009076007487383757
1.21,0.0010139802383358114,0.0009258921172739177,0.0008926170380619706,0.001067115662670566,0.0009885047564755253,0.0009113667285359595
1.215,0.001018170246740808,0.0009297181215709718,0.0008963055395353199,0.001071525259775748,0.0009925894875845165,0.0009151327084015316
1.22,0.0010223602554421418,0.0009335441260254488,0.0008999940410656951,0.001075934857923064,0.0009966742187247331,0.000918898688337688
1.225,0.0010265502644502614,0.0009373701306431162,0.0009036825426553041,0.0010803444571460185,0.0010007589498974038,0.0009226646683471239
1.23,0.001030740273775983,0.0009411961354299523,0.0009073710443064394,0.0010847540574791918,0.0010048436811038056,0.0009264306484326375
1.235,0.0010349302834305046,0.0009450221403921547,0.0009110595460214822,0.0010891636589582766,0.001008928412345265,0.0009301966285971338
1.24,0.0010391202934254182,0.000948848145536148,0.0009147480478029061,0.001093573261620112,0.0010130131436231612,0.0009339626088436286
1.245,0.001043310303772726,0.0009526741508685921,0.0009184365496532808,0.001097982865502724,0.0010170978749389286,0.0009377285891752533
1.25,0.0010475003144848516,0.0009565001563963906,0.0009221250515752744,0.001102392470645358,0.0010211826062940562,0.0009414945695952583
1.2550000000000001,0.0010516903255746583,0.0009603261621267011,0.0009258135535716596,0.001106802077088523,0.0010252673376900934,0.0009452605501070185
1.26,0.0010558803370554612,0.0009641521680669418,0.0009295020556453152,0.0011112116848740299,0.0010293520691286486,0.0009490265307140373
1.2650000000000001,0.0010600703489410464,0.000967978174224804,0.0009331905577992322,0.0011156212940450338,0.0010334368006113953,0.0009527925114199527
1.27,0.0010642603612456855,0.0009718041806082603,0.0009368790600365172,0.0011200309046460767,0.001037521532140072,0.0009565584922285403
1.2750000000000001,0.001068450373984153,0.0009756301872255751,0.0009405675623603969,0.0011244405167231335,0.0010416062637164858,0.0009603244731437213
1.28,0.0010726403871717442,0.000979456194085316,0.0009442560647742229,0.0011288501303236562,0.0010456909953425145,0.0009640904541695651
1.285,0.0010768304008242947,0.0009832822011963643,0.0009479445672814766,0.0011332597454966232,0.0010497757270201099,0.000967856435310298
1.29,0.0010810204149581974,0.0009871082085679268,0.0009516330698857745,0.0011376693622925872,0.0010538604587513013,0.0009716224165703071
1.295,0.001085210429590423,0.0009909342162095472,0.0009553215725908721,0.0011420789807637254,0.001057945190538197,0.0009753883979541465
1.3,0.001089400444738542,0.0009947602241311192,0.0009590100754006716,0.0011464886009638936,0.0010620299223829887,0.0009791543794665449
1.305,0.0010935904604207425,0.000998586232342899,0.0009626985783192249,0.0011508982229486784,0.0010661146542879538,0.000982920361112411
1.31,0.0010977804766558552,0.0010024122408555183,0.0009663870813507415,0.0011553078467754535,0.0010701993862554599,0.0009866863428968414
1.315,0.001101970493463374,0.001006238249679998,0.000970075584499594,0.001159717472503437,0.0010742841182879675,0.000990452324825127
1.32,0.0011061605108634812,0.0010100642588277639,0.0009737640877703236,0.0011641271001937511,0.0010783688503880342,0.000994218306902761
1.325,0.0011103505288770688,0.0010138902683106592,0.0009774525911676474,0.001168536729909483,0.001082453582558317,0.0009979842891354464
1.33,0.0011145405475257671,0.0010177162781409613,0.0009811410946964658,0.0011729463617157476,0.0010865383148015795,0.0010017502715291037
1.335,0.0011187305668319682,0.0010215422883313977,0.0009848295983618679,0.001177355995679754,0.0010906230471206923,0.0010055162540898793
1.34,0.001122920586818854,0.0010253682988951621,0.0009885181021691406,0.0011817656318708716,0.0010947077795186396,0.0010092822368241547
1.345,0.0011271106075104234,0.001029194309845931,0.0009922066061237745,0.0011861752703606994,0.0010987925119985231,0.001013048219738555
1.35,0.0011313006289315221,0.0010330203211978825,0.0009958951102314738,0.001190584911223139,0.001102877244563566,0.0010168142028399582
1.355,0.0011354906511078708,0.0010368463329657142,0.0009995836144981625,0.0011949945545344678,0.0011069619772171187,0.001020580186135505
1.36,0.0011396806740660978,0.001040672345164662,0.0010032721189299947,0.0011994042003734154,0.001111046709962664,0.0010243461696326085
1.365,0.00114387069783377,0.0010444983578105189,0.001006960623533362,0.0012038138488212418,0.0011151314428038204,0.0010281121533389653
1.37,0.0011480607224394262,0.0010483243709196587,0.0010106491283149038,0.0012082234999618204,0.0011192161757443498,0.0010318781372625654
1.375,0.0011522507479126117,0.0010521503845090532,0.0010143376332815163,0.0012126331538817208,0.0011233009087881617,0.0010356441214117045
1.3800000000000001,0.001156440774283913,0.0010559763985962967,0.0010180261384403633,0.0012170428106702954,0.0011273856419393195,0.0010394101057949949
1.385,0.0011606308015849952,0.001059802413199628,0.0010217146437988844,0.0012214524704197692,0.0011314703752020464,0.0010431760904213768
1.3900000000000001,0.0011648208298486401,0.0010636284283379544,0.001025403149364809,0.0012258621332253323,0.0011355551085807315,0.0010469420753001337
1.395,0.001169010859108785,0.0010674544440308746,0.0010290916551461637,0.0012302717991852354,0.0011396398420799373,0.0010507080604409012
1.4000000000000001,0.001173200889400564,0.001071280460298707,0.0010327801611512875,0.0012346814684008876,0.0011437245757044056,0.0010544740458536851
1.405,0.001177390920760349,0.001075106477162513,0.001036468667388841,0.0012390911409769579,0.0011478093094590635,0.0010582400315488718
1.41,0.0011815809532257958,0.0010789324946441263,0.0010401571738678209,0.0012435008170214802,0.001151894043349034,0.0010620060175372448
1.415,0.0011857709868358867,0.001082758512766181,0.0010438456805975714,0.001247910496645963,0.00115597877737964,0.0010657720038299997
1.42,0.0011899610216309787,0.001086584531552139,0.0010475341875877985,0.0012523201799654977,0.0011600635115564147,0.0010695379904387585
1.425,0.0011941510576528522,0.0010904105510263227,0.0010512226948485844,0.0012567298670988773,0.001164148245885109,0.0010733039773755883
1.43,0.0011983410949447596,0.0010942365712139452,0.0010549112023904008,0.0012611395581687132,0.001168232980371699,0.0010770699646530163
1.435,0.0012025311335514795,0.0010980625921411438,0.0010585997102241253,0.001265549253301559,0.0011723177150223972,0.001080835952284048
1.44,0.001206721173519368,0.0011018886138350124,0.001062288218361056,0.0012699589526280358,0.00117640244984366,0.0010846019402821858
1.445,0.0012109112148964167,0.0011057146363236388,0.001065976726812929,0.0012743686562829656,0.0011804871848421976,0.0010883679286614477
1.45,0.0012151012577323087,0.001109540659636138,0.0010696652355919338,0.001278778364405504,0.0011845719200249845,0.001092133917436386
1.455,0.0012192913020784787,0.001113366683802694,0.0010733537447107323,0.0012831880771392804,0.0011886566553992695,0.0010958999066221105
1.46,0.001223481347988175,0.0011171927088545939,0.0010770422541824766,0.0012875977946325418,0.0011927413909725865,0.0010996658962343063
1.465,0.0012276713955165239,0.0011210187348242731,0.0010807307640208269,0.0012920075170383008,0.0011968261267527663,0.0011034318862892583
1.47,0.001231861444720594,0.0011248447617453546,0.0010844192742399733,0.0012964172445144898,0.0012009108627479468,0.001107197876803873
1.475,0.001236051495659467,0.001128670789652693,0.0010881077848546546,0.0013008269772241186,0.001204995598966587,0.0011109638677957025
1.48,0.0012402415483943074,0.0011324968185824197,0.0010917962958801799,0.001305236715335437,0.0012090803354174778,0.001114729859282969
1.485,0.0012444316029884366,0.0011363228485719904,0.001095484807332451,0.0013096464590221044,0.0012131650721097572,0.0011184958512845907
1.49,0.0012486216595074071,0.0011401488796602324,0.0010991733192279851,0.001314056208463363,0.0012172498090529218,0.0011222618438202082
1.495,0.0012528117180190845,0.0011439749118873957,0.0011028618315839394,0.0013184659638442175,0.0012213345462568415,0.0011260278369102119
1.5,0.0012570017785937257,0.0011478009452952048,0.001106550344418134,0.00132287572535562,0.0012254192837317754,0.0011297938305757703
1.5050000000000001,0.001261191841304066,0.0011516269799269126,0.0011102388577490796,0.0013272854931946625,0.0012295040214883861,0.0011335598248388618
1.51,0.0012653819062254034,0.001155453015827357,0.0011139273715960027,0.0013316952675647721,0.0012335887595377546,0.0011373258197223022
1.5150000000000001,0.0012695719734356927,0.0011592790530430184,0.001117615885978875,0.001336105048675917,0.0012376734978913997,0.0011410918152497801
1.52,0.0012737620430156354,0.0011631050916220795,0.0011213044009184398,0.0013405148367448144,0.0012417582365612915,0.001144857811445887
1.5250000000000001,0.0012779521150487795,0.0011669311316144892,0.0011249929164362448,0.0013449246319951502,0.0012458429755598723,0.0011486238083361548
1.53,0.0012821421896216179,0.0011707571730720254,0.0011286814325546703,0.0013493344346578004,0.0012499277149000735,0.0011523898059470899
1.5350000000000001,0.001286332266823694,0.0011745832160483629,0.0011323699492969636,0.0013537442449710643,0.001254012454595335,0.0011561558043062105
1.54,0.001290522346747707,0.0011784092605991434,0.0011360584666872718,0.0013581540631809011,0.0012580971946596258,0.001159921803442086
1.545,0.0012947124294896255,0.001182235306782047,0.001139746984750677,0.0013625638895411792,0.0012621819351074644,0.0011636878033843764
1.55,0.001298902515148801,0.0011860613546568666,0.0011434355035132306,0.0013669737243139275,0.0012662666759539404,0.0011674538041638745
1.555,0.0013030926038280883,0.0011898874042855852,0.0011471240230019938,0.0013713835677695984,0.0012703514172147374,0.001171219805812549
1.56,0.001307282695633968,0.001193713455732458,0.001150812543245075,0.00137579342018734,0.0012744361589061555,0.0011749858083635889
1.565,0.0013114727906766758,0.0011975395090640926,0.0011545010642716699,0.0013802032818552746,0.0012785209010451365,0.0011787518118514509
1.57,0.0013156628890703336,0.0012013655643495378,0.0011581895861121048,0.001384613153070787,0.0012826056436492882,0.001182517816311907
1.575,0.0013198529909330865,0.0012051916216603714,0.0011618781087978794,0.0013890230341408226,0.0012866903867369116,0.0011862838217820955
1.58,0.0013240430963872456,0.0012090176810707943,0.0011655666323617132,0.0013934329253821956,0.0012907751303270281,0.0011900498283005734
1.585,0.001328233205559434,0.0012128437426577245,0.001169255156837591,0.0013978428271219042,0.0012948598744394063,0.0011938158359073683
1.59,0.0013324233185807396,0.001216669806500899,0.0011729436822608145,0.001402252739697461,0.0012989446190945935,0.0011975818446440377
1.595,0.001336613435586872,0.0012204958726829752,0.0011766322086680502,0.0014066626634572272,0.0013030293643139452,0.0012013478545537255
1.6,0.0013408035567183255,0.0012243219412896396,0.0011803207360973854,0.0014110725987607656,0.0013071141101196567,0.001205113865681223
1.605,0.0013449936821205472,0.0012281480124097164,0.00118400926458838,0.0014154825459791968,0.0013111988565347968,0.001208879878073032
1.61,0.0013491838119441136,0.0012319740861352858,0.0011876977941821262,0.0014198925054955739,0.0013152836035833417,0.0012126458917774302
1.615,0.0013533739463449093,0.0012358001625617997,0.0011913863249213062,0.0014243024777052637,0.0013193683512902111,0.0012164119068445373
1.62,0.0013575640854843146,0.0012396262417882075,0.0011950748568502541,0.0014287124630163453,0.0013234530996813056,0.0012201779233263893
1.625,0.0013617542295294004,0.0012434523239170838,0.0011987633900150208,0.001433122461850015,0.0013275378487835432,0.0012239439412770065
1.6300000000000001,0.0013659443786531282,0.001247278409054761,0.0012024519244634383,0.001437532474641012,0.0013316225986249027,0.0012277099607524745
1.635,0.0013701345330345562,0.0012511044973114664,0.0012061404602451908,0.0014419425018380506,0.0013357073492344625,0.0012314759818110187
1.6400000000000001,0.0013743246928590576,0.0012549305888014664,0.0012098289974118858,0.0014463525439042722,0.0013397921006424456,0.001235242004513088
1.645,0.0013785148583185401,0.0012587566836432128,0.0012135175360171273,0.0014507626013177065,0.0013438768528802635,0.0012390080289214403
1.6500000000000001,0.0013827050296116785,0.0012625827819594975,0.0012172060761165952,0.001455172674571752,0.0013479616059805643,0.0012427740551012297
1.655,0.001386895206944151,0.0012664088838776103,0.0012208946177681235,0.0014595827641756696,0.0013520463599772793,0.0012465400831200976
1.6600000000000001,0.0013910853905288888,0.001270234989529505,0.0012245831610317851,0.0014639928706550924,0.0013561311149056766,0.001250306113048269
1.665,0.0013952755805863297,0.0012740610990519686,0.0012282717059699784,0.0014684029945525516,0.0013602158708024097,0.0012540721449586496
1.67,0.0013994657773446838,0.0012778872125868,0.001231960252647516,0.001472813136428021,0.0013643006277055758,0.0012578381789269298
1.675,0.0014036559810402072,0.0012817133302809932,0.0012356488011317206,0.0014772232968594764,0.0013683853856547702,0.0012616042150316899
1.68,0.0014078461919174857,0.0012855394522869263,0.0012393373514925188,0.0014816334764434754,0.001372470144691146,0.0012653702533545108
1.685,0.0014120364102297295,0.0012893655787625609,0.0012430259038025452,0.0014860436757957547,0.0013765549048574757,0.0012691362939800885
1.69,0.001416226636239074,0.0012931917098716443,0.001246714458137245,0.001490453895551845,0.0013806396661982137,0.0012729023369963523
1.695,0.0014204168702168993,0.0012970178457839242,0.0012504030145749838,0.0014948641363677104,0.0013847244287595645,0.001276668382494591
1.7,0.0014246071124441523,0.0013008439866753656,0.00125409157319716,0.0014992743989204024,0.0013888091925895497,0.0012804344305695772
1.705,0.0014287973632116854,0.0013046701327283812,0.0012577801340883231,0.00150368468390874,0.0013928939577380803,0.0012842004813197036
1.71,0.0014329876228206058,0.0013084962841320657,0.0012614686973362952,0.001508094992054007,0.0013969787242570312,0.0012879665348471195
1.715,0.0014371778915826373,0.0013123224410824413,0.0012651572630322963,0.0015125053241006783,0.0014010634922003173,0.001291732591257875
1.72,0.001441368169820494,0.0013161486037827116,0.0012688458312710789,0.0015169156808171604,0.0014051482616239757,0.0012954986506620693
1.725,0.0014455584578682676,0.001319974772443525,0.0012725344021510614,0.0015213260629965654,0.0014092330325862477,0.0012992647131740062
1.73,0.0014497487560718293,0.0013238009472832462,0.0012762229757744725,0.001525736471457501,0.0014133178051476656,0.0013030307789123538
1.735,0.0014539390647892454,0.0013276271285282406,0.0012799115522474974,0.0015301469070448952,0.001417402579371144,0.0013067968480003117
1.74,0.0014581293843912056,0.0013314533164131657,0.0012836001316804309,0.001534557370630837,0.0014214873553220718,0.0013105629205657835
1.745,0.0014623197152614697,0.0013352795111812768,0.001287288714187837,0.0015389678631154537,0.001425572133068411,0.0013143289967415576
1.75,0.0014665100577973276,0.0013391057130847396,0.0012909772998887141,0.0015433783854278105,0.0014296569126807975,0.0013180950766654915
1.7550000000000001,0.0014707004124100767,0.0013429319223849587,0.0012946658889066668,0.0015477889385268413,0.0014337416942326456,0.001321861160480708
1.76,0.0014748907795255162,0.0013467581393529148,0.0012983544813700823,0.0015521995234023085,0.0014378264778002585,0.0013256272483357944
1.7650000000000001,0.0014790811595844565,0.001350584364269517,0.0013020430774123193,0.0015566101410757944,0.0014419112634629406,0.0013293933403850122
1.77,0.001483271553043251,0.0013544105974259645,0.0013057316771718961,0.0015610207926017247,0.001445996051303117,0.001333159436788513
1.7750000000000001,0.0014874619603743426,0.0013582368391241246,0.0013094202807926942,0.0015654314790684238,0.0014500808414064559,0.0013369255377125634
1.78,0.0014916523820668302,0.0013620630896769245,0.0013131088884241623,0.0015698422015992038,0.0014541656338619947,0.0013406916433297792
1.7850000000000001,0.0014958428186270592,0.0013658893494087547,0.001316797500221535,0.0015742529613534915,0.0014582504287622747,0.0013444577538193681
1.79,0.001500033270579225,0.0013697156186558896,0.0013204861163460546,0.0015786637595279877,0.0014623352262034775,0.0013482238693673795
1.795,0.0015042237384660067,0.0013735418977669242,0.0013241747369652048,0.0015830745973578655,0.001466420026285569,0.0013519899901669682
1.8,0.0015084142228492154,0.0013773681871032234,0.0013278633622529508,0.0015874854761180085,0.0014705048291124485,0.0013557561164186643
1.805,0.0015126047243104706,0.0013811944870393907,0.0013315519923899923,0.0015918963971242857,0.0014745896347921012,0.001359522248330654
1.81,0.0015167952434518989,0.0013850207979637533,0.0013352406275640228,0.0015963073617348712,0.0014786744434367625,0.0013632883861190747
1.815,0.0015209857808968546,0.0013888471202788653,0.0013389292679699995,0.0016007183713516017,0.0014827592551630827,0.0013670545300083158
1.82,0.0015251763372906714,0.0013926734544020285,0.001342617913810427,0.0016051294274213829,0.0014868440700923013,0.0013708206802313353
1.825,0.0015293669133014346,0.001396499800765831,0.0013463065652956467,0.001609540531437636,0.001490928888350428,0.0013745868370299865
1.83,0.0015335575096207855,0.0014003261598187113,0.0013499952226441422,0.0016139516849417962,0.0014950137100684293,0.0013783530006553583
1.835,0.0015377481269647497,0.0014041525320255344,0.0013536838860828528,0.0016183628895248517,0.001499098535382425,0.0013821191713681265
1.84,0.0015419387660745986,0.0014079789178681969,0.001357372555847502,0.0016227741468289416,0.0015031833644338901,0.0013858853494389215
1.845,0.0015461294277177382,0.001411805317846249,0.0013610612321829367,0.0016271854585489973,0.0015072681973698646,0.001389651535148707
1.85,0.0015503201126886325,0.0014156317324775427,0.0013647499153434815,0.0016315968264344412,0.0015113530343431748,0.0013934177287891762
1.855,0.0015545108218097544,0.0014194581622989008,0.0013684386055933034,0.001636008252290937,0.0015154378755126588,0.001397183930663159
1.86,0.0015587015559325765,0.0014232846078668132,0.0013721273032067953,0.0016404197379822,0.0015195227210434035,0.0014009501410850503
1.865,0.001562892315938591,0.0014271110697581565,0.0013758160084689696,0.0016448312854318613,0.0015236075711069913,0.001404716360381249
1.87,0.0015670831027403695,0.0014309375485709419,0.0013795047216758707,0.0016492428966253957,0.0015276924258817545,0.0014084825888906179
1.875,0.0015712739172826585,0.0014347640449250878,0.0013831934431350014,0.001653654573612108,0.001531777285553042,0.0014122488269649592
1.8800000000000001,0.0015754647605435137,0.0014385905594632245,0.0013868821731657665,0.0016580663185071871,0.0015358621503134943,0.0014160150749695085
1.885,0.0015796556335354744,0.001442417092851524,0.0013905709120999332,0.0016624781334938234,0.0015399470203633307,0.0014197813332834479
1.8900000000000001,0.0015838465373067792,0.0014462436457805647,0.0013942596602821101,0.0016668900208253944,0.0015440318959106481,0.0014235476023004383
1.895,0.0015880374729426248,0.0014500702189662233,0.001397948418070244,0.0016713019828277212,0.0015481167771717304,0.0014273138824291718
1.9000000000000001,0.0015922284415664692,0.001453896813150604,0.001401637185836136,0.0016757140219013985,0.00155220166437137,0.001431080174093948
1.905,0.00159641944434138,0.0014577234291029968,0.0014053259639659778,0.0016801261405241978,0.0015562865577432037,0.0014348464777352663
1.9100000000000001,0.0016006104824714323,0.0014615500676208753,0.0014090147528609087,0.0016845383412535484,0.0015603714575300597,0.001438612793810448
1.915,0.0016048015572031526,0.001465376729530929,0.0014127035529375943,0.0016889506267290981,0.0015644563639843202,0.001442379122794276
1.92,0.0016089926698270175,0.0014692034156901326,0.0014163923646288276,0.0016933629996753582,0.0015685412773682962,0.001446145465179663
1.925,0.0016131838216790016,0.0014730301269868565,0.001420081188384153,0.0016977754629044293,0.001572626197954619,0.001449911821478344
1.93,0.0016173750141421825,0.0014768568643420167,0.0014237700246705137,0.0017021880193188188,0.0015767111260266455,0.0014536781922215934
1.935,0.0016215662486484023,0.0014806836287102672,0.0014274588739729272,0.0017066006719143466,0.0015807960618788807,0.001457444577960973
1.94,0.0016257575266799848,0.001484510421081235,0.001431147736795183,0.0017110134237831459,0.0015848810058174158,0.0014612109792691052
1.945,0.0016299488497715168,0.0014883372424808034,0.0014348366136605706,0.0017154262781167594,0.0015889659581603851,0.001464977396740478
1.95,0.0016341402195116908,0.0014921640939724384,0.0014385255051126325,0.0017198392382093337,0.0015930509192384381,0.0014687438309922804
1.955,0.0016383316375452126,0.001495990976658566,0.0014422144117159502,0.00172425230746092,0.0015971358893952336,0.0014725102826652677
1.96,0.0016425231055747754,0.001499817891682,0.0014459033340569573,0.0017286654893808777,0.0016012208689879504,0.0014762767524246624
1.965,0.0016467146253631045,0.0015036448402274219,0.0014495922727447849,0.0017330787875913893,0.0016053058583878194,0.001480043240961089
1.97,0.0016509061987350746,0.0015074718235229127,0.0014532812284121408,0.0017374922058310859,0.0016093908579806768,0.001483809748991542
1.975,0.001655097827579901,0.0015112988428415454,0.0014569702017162229,0.001741905747958793,0.0016134758681675384,0.0014875762772603956
1.98,0.0016592895138534064,0.0015151258995030322,0.0014606591933396646,0.0017463194179573934,0.0016175608893651966,0.0014913428265404466
1.985,0.0016634812595803718,0.0015189529948754327,0.0014643482039915219,0.0017507332199378164,0.0016216459220068425,0.0014951093976340016
1.99,0.0016676730668569657,0.0015227801303769252,0.0014680372344082946,0.0017551471581431527,0.0016257309665427084,0.0014988759913740022
1.995,0.0016718649378532628,0.001526607307477644,0.001471726285354989,0.0017595612369529052,0.0016298160234407412,0.0015026426086251962
2.0,0.001676056874815847,0.0015304345277015812,0.0014754153576262213,0.0017639754608873735,0.0016339010931872965,0.0015064092502853515
2.005,0.0016802488800705124,0.0015342617926285612,0.0014791044520473628,0.0017683898346121806,0.0016379861762878653,0.0015101759172865168
2.0100000000000002,0.0016844409560250544,0.0015380891038962847,0.0014827935694757329,0.0017728043629429448,0.0016420712732678263,0.0015139426105963312
2.015,0.0016886331051721593,0.00154191646320245,0.001486482710801831,0.0017772190508501017,0.0016461563846732255,0.0015177093312193821
2.02,0.0016928253300923996,0.0015457438723069513,0.0014901718769506256,0.0017816339034638822,0.0016502415110715943,0.001521476080198617
2.025,0.001697017633457332,0.0015495713330341558,0.001493861068882886,0.0017860489260794494,0.0016543266530527905,0.0015252428586168087
2.0300000000000002,0.0017012100180327058,0.0015533988472752676,0.001497550287596568,0.0017904641241622006,0.0016584118112298789,0.0015290096675980751
2.035,0.0017054024866817812,0.0015572264169907745,0.001501239534128253,0.0017948795033532403,0.0016624969862400433,0.001532776508309457
2.04,0.0017095950423687708,0.001561054044212987,0.0015049288095546449,0.0017992950694750293,0.001666582178745536,0.00153654338196256
2.045,0.001713787688162397,0.0015648817310486701,0.0015086181149941208,0.0018037108285372157,0.001670667389434664,0.0015403102898152534
2.05,0.0017179804272395766,0.0015687094796817702,0.0015123074516083447,0.0018081267867426506,0.0016747526190228133,0.001544077233173438
2.055,0.001722173262889237,0.001572537292376243,0.001515996820603944,0.0018125429504936034,0.0016788378682535163,0.0015478442133928815
2.06,0.0017263661985162631,0.0015763651714789829,0.0015196862232342483,0.0018169593263981675,0.0016829231378995557,0.001551611231881118
2.065,0.0017305592376455877,0.0015801931194228654,0.0015233756608010974,0.0018213759212768823,0.0016870084287641182,0.001555378290099431
2.07,0.0017347523839264226,0.0015840211387298934,0.0015270651346567198,0.0018257927421695603,0.0016910937416819906,0.0015591453895649012
2.075,0.0017389456411366418,0.0015878492320144637,0.0015307546462056826,0.0018302097963423386,0.0016951790775208008,0.001562912531852539
2.08,0.001743139013187316,0.001591677401986752,0.0015344441969069153,0.0018346270912949511,0.0016992644371823114,0.0015666797185974954
2.085,0.0017473325041274105,0.0015955056514562213,0.0015381337882758178,0.0018390446347682438,0.0017033498216037634,0.0015704469514973597
2.09,0.0017515261181486456,0.0015993339833352603,0.0015418234218864428,0.0018434624347519217,0.0017074352317592697,0.0015742142323145437
2.095,0.0017557198595905313,0.001603162400642953,0.0015455130993737676,0.0018478804994925535,0.0017115206686612685,0.0015779815628787553
2.1,0.0017599137329455754,0.0016069909065089872,0.0015492028224360509,0.0018522988375018247,0.0017156061333620284,0.0015817489450895698
2.105,0.0017641077428646812,0.0016108195041777084,0.001552892592837284,0.0018567174575650645,0.0017196916269552173,0.0015855163809190968
2.11,0.0017683018941627292,0.0016146481970123181,0.0015565824124097332,0.0018611363687500435,0.0017237771505775306,0.0015892838724147506
2.115,0.0017724961918243601,0.00161847698849923,0.001560272283056584,0.0018655555804160512,0.0017278627054103837,0.0015930514217021264
2.12,0.0017766906410099593,0.0016223058822525814,0.001563962206754684,0.001869975102223269,0.0017319482926816715,0.0015968190309879821
2.125,0.0017808852470618535,0.0016261348820189158,0.0015676521855573964,0.0018743949441424447,0.0017360339136675976,0.0016005867025633423
2.13,0.0017850800155107254,0.0016299639916820302,0.0015713422215975594,0.001878815116464877,0.0017401195696945739,0.0016043544388067129
2.1350000000000002,0.0017892749520822557,0.0016337932152680067,0.0015750323170905637,0.0018832356298127198,0.0017442052621411972,0.0016081222421874223
2.14,0.0017934700627039953,0.0016376225569504211,0.0015787224743375476,0.0018876564951496176,0.0017482909924403003,0.0016118901152690891
2.145,0.001797665353512486,0.0016414520210557503,0.001582412695728715,0.0018920777237916874,0.001752376762081088,0.0016156580607132236
2.15,0.001801860830860627,0.0016452816120689716,0.0015861029837467833,0.0018964993274188488,0.0017564625726113536,0.0016194260812829643
2.1550000000000002,0.0018060565013253043,0.0016491113346393709,0.0015897933409705653,0.0019009213180865197,0.0017605484256397843,0.0016231941798469608
2.16,0.0018102523717152858,0.0016529411935865587,0.0015934837700786852,0.0019053437082376867,0.0017646343228383556,0.0016269623593833985
2.165,0.0018144484490793989,0.0016567711939067154,0.001597174273853446,0.0019097665107153689,0.0017687202659448246,0.0016307306229841867
2.17,0.0018186447407149942,0.0016606013407790552,0.0016008648551848398,0.0019141897387754752,0.0017728062567653137,0.0016344989738592969
2.1750000000000003,0.0018228412541767072,0.0016644316395725345,0.0016045555170747172,0.0019186134061000802,0.001776892297177004,0.0016382674153412726
2.18,0.0018270379972855281,0.001668262095852801,0.0016082462626411144,0.001923037526811123,0.001780978389130928,0.0016420359508899096
2.185,0.0018312349781381956,0.0016720927153894012,0.0016119370951227538,0.0019274621154845512,0.0017850645346548766,0.0016458045840971145
2.19,0.0018354322051169168,0.0016759235041632493,0.0016156280178837132,0.0019318871871649146,0.0017891507358564196,0.0016495733186919505
2.195,0.0018396296868994338,0.0016797544683743715,0.0016193190344182772,0.0019363127573804313,0.0017932369949260423,0.0016533421585458738
2.2,0.0018438274324694415,0.001683585614449932,0.0016230101483559786,0.0019407388421585371,0.00179732331414041,0.0016571111076781706
2.205,0.0018480254511273756,0.001687416949052555,0.0016267013634668308,0.0019451654580419347,0.001801409695865756,0.0016608801702616023
2.21,0.0018522237525015806,0.001691248479088951,0.0016303926836667682,0.0019495926221051586,0.0018054961425614073,0.0016646493506282663
2.215,0.0018564223465598708,0.0016950802117188582,0.001634084113023291,0.0019540203519716744,0.001809582656783447,0.0016684186532756793
2.22,0.0018606212436214982,0.001698912154364314,0.0016377756557613343,0.001958448665831525,0.00181366924118852,0.0016721880828730956
2.225,0.0018648204543695436,0.0017027443147192606,0.0016414673162693594,0.0019628775824595468,0.0018177558985377892,0.0016759576442680615
2.23,0.0018690199898637454,0.0017065767007595101,0.001645159099105685,0.001967307121234167,0.0018218426317010493,0.0016797273424932271
2.235,0.0018732198615537775,0.0017104093207530697,0.0016488510090050604,0.001971737302156814,0.0018259294436609981,0.0016834971827734122
2.24,0.0018774200812929995,0.0017142421832708455,0.0016525430508854946,0.0019761681458719434,0.0018300163375176814,0.0016872671705329446
2.245,0.0018816206613526873,0.001718075297197739,0.001656235229855349,0.001980599673687707,0.0018341033164931057,0.0016910373114032786
2.25,0.0018858216144367699,0.0017219086717441526,0.0016599275512207063,0.001985031907597297,0.0018381903839360403,0.0016948076112309033
2.255,0.0018900229536970821,0.0017257423164579115,0.0016636200204930222,0.0019894648703009652,0.0018422775433270026,0.0016985780760855552
2.2600000000000002,0.0018942246927491579,0.0017295762412366275,0.001667312643397075,0.001993898585228755,0.0018463647982834416,0.0017023487122687418
2.265,0.0018984268456885764,0.0017334104563405115,0.001671005425879221,0.001998333076563962,0.0018504521525651246,0.0017061195263225904
2.27,0.0019026294271078908,0.0017372449724056597,0.0016746983741159729,0.0020027683692673552,0.001854539610079738,0.0017098905250390387
2.275,0.0019068324521141471,0.0017410798004578215,0.0016783914945229068,0.002007204489102166,0.001858627174888704,0.0017136617154693721
2.2800000000000002,0.0019110359363470263,0.0017449149519266774,0.0016820847937639152,0.0020116414626598924,0.001862714851213233,0.0017174331049341278
2.285,0.0019152398959976212,0.0017487504386606342,0.0016857782787608182,0.0020160793173869193,0.001866802643440605,0.0017212047010333738
2.29,0.0019194443478278789,0.0017525862729421667,0.0016894719567033469,0.002020518081612011,0.0018708905561307069,0.0017249765116573866
2.295,0.0019236493091907287,0.0017564224675037203,0.0016931658350595132,0.002024957784574675,0.001874978594022823,0.001728748544997729
2.3000000000000003,0.001927854798050917,0.0017602590355441945,0.0016968599215863797,0.0020293984564544393,0.0018790667620426909,0.0017325208095587568
2.305,0.0019320608330065778,0.0017640959907460317,0.0017005542243412484,0.0020338401284010757,0.0018831550653098381,0.0017362933141695618
2.31,0.001936267433311566,0.0017679333472929322,0.0017042487516932816,0.002038282832565793,0.0018872435091452074,0.0017400660679963717
2.315,0.0019404746188985756,0.0017717711198882184,0.001707943512335572,0.00204272660213343,0.001891332099079078,0.0017438390805554244
2.32,0.001944682410403074,0.0017756093237738702,0.0017116385152976807,0.002047171471355687,0.0018954208408593052,0.0017476123617263326
2.325,0.0019488908291880789,0.0017794479747502594,0.0017153337699586612,0.0020516174755854256,0.001899509740459877,0.0017513859217659585
2.33,0.00195309989736981,0.001783287089196605,0.0017190292860605838,0.002056064651312066,0.0019035988040898115,0.0017551597713228193
2.335,0.001957309637844246,0.001787126684092182,0.0017227250737225904,0.0020605130361981317,0.0019076880382024057,0.0017589339214520432
2.34,0.001961520074314617,0.0017909667770383026,0.0017264211434554852,0.002064962669116958,0.0019117774495048423,0.0017627083836308944
2.345,0.001965731231319864,0.0017948073862811055,0.0017301175061768977,0.002069413590191624,0.001915867044968182,0.0017664831697748948
2.35,0.0019699431342641046,0.0017986485307351773,0.0017338141732270251,0.0020738658408351266,0.001919956831837742,0.0017702582922545537
2.355,0.001974155809447138,0.0018024902300080442,0.0017375111563849913,0.0020783194637918508,0.0019240468176438868,0.0017740337639127475
2.36,0.001978369284096022,0.001806332504425556,0.0017412084678858338,0.0020827745031803753,0.0019281370102132447,0.0017778095980827524
2.365,0.00198258358639777,0.0018101753750582017,0.001744906120438151,0.0020872310045376495,0.00193222741768036,0.0017815858086069726
2.37,0.0019867987455331904,0.0018140188637483904,0.0017486041272424303,0.0020916890148645895,0.0019363180484998092,0.0017853624098563793
2.375,0.00199101479171193,0.0018178629931387307,0.0017523025020100879,0.0020961485826731505,0.0019404089114587924,0.0017891394167506957
2.38,0.001995231756208746,0.0018217077867013452,0.0017560012589832438,0.0021006097580348994,0.001944500015690217,0.0017929168447793494
2.3850000000000002,0.00199944967140106,0.001825553268768261,0.001759700412955263,0.0021050725926311576,0.001948591370686302,0.0017966947100232287
2.39,0.002003668570807832,0.0018293994645629107,0.0017633999792920913,0.0021095371398047523,0.0019526829863127106,0.0018004730291772632
2.395,0.0020078884891298124,0.0018332464002327915,0.0017670999739544185,0.0021140034546134304,0.001956774872823245,0.0018042518195738756
2.4,0.002012109462291205,0.0018370941028833159,0.001770800413520696,0.002118471593884997,0.0019608670408751165,0.0018080310992073206
2.4050000000000002,0.002016331527482807,0.0018409426006129079,0.0017745013152110501,0.0021229416162742154,0.001964959501544815,0.001811810886758959
2.41,0.002020554723206659,0.0018447919225493784,0.0017782026969121142,0.0021274135823215437,0.0019690522663446037,0.0018155912016234927
2.415,0.0020247790893222818,0.0018486420988876402,0.0017819045772028306,0.0021318875545137603,0.0019731453472396675,0.001819372063936205
2.42,0.0020290046670945368,0.0018524931609288004,0.001785606975381244,0.0021363635973465347,0.0019772387566659284,0.0018231534946012388
2.4250000000000003,0.002033231499243171,0.0018563451411206856,0.0017893099114923354,0.00214084177738901,0.001981332507548567,0.001826935515320956
2.43,0.002037459629994115,0.0018601980730998506,0.0017930134063569303,0.002145322163350466,0.0019854266133212694,0.0018307181486264153
2.435,0.0020416891051325877,0.0018640519917351315,0.001796717481601732,0.002149804826149119,0.001989521087946235,0.0018345014179090178
2.44,0.0020459199720580697,0.0018679069331727872,0.00180042215969051,0.002154289838983142,0.001993615945934968,0.0018382853474533585
2.445,0.0020501522798412213,0.0018717629348832985,0.0018041274639565,0.002158777277403959,0.0019977112023698896,0.0018420699624713314
2.45,0.0020543860792828017,0.001875620035709882,0.0018078334186360573,0.0021632672193919013,0.002001806872926798,0.0018458552891375403
2.455,0.0020586214229746666,0.00187947827591878,0.0018115400489036107,0.002167759745434293,0.0020059029738982133,0.001849641354626057
2.46,0.002062858365362921,0.0018833376972513926,0.001815247380907973,0.002172254938606052,0.0020099995222176426,0.001853428187148588
2.465,0.0020670969628132896,0.0018871983429783216,0.001818955441810053,0.002176752884652876,0.0020140965354847936,0.0018572158159940943
2.47,0.0020713372736788044,0.001891060257955392,0.0018226642598220305,0.0021812536720771055,0.0020181940319917912,0.0018610042715699285
2.475,0.002075579358369866,0.0018949234886817263,0.0018263738642480438,0.0021857573922263473,0.0020222920307504115,0.0018647935854445368
2.48,0.0020798232794267827,0.0018987880833599487,0.0018300842855264571,0.0021902641393849497,0.0020263905515204,0.0018685837903917983
2.485,0.0020840691015948667,0.0019026540919585915,0.0018337955552737589,0.002194774010868413,0.0020304896148388967,0.0018723749204370527
2.49,0.002088316891902175,0.0019065215662767898,0.0018375077063301627,0.0021992871071208385,0.0020345892420510193,0.0018761670109048868
2.495,0.0020925667197399934,0.001910390560011346,0.0018412207728069696,0.0022038035318155116,0.0020386894553416517,0.0018799600984687455
2.5,0.002096818656946156,0.0019142611288262504,0.0018449347901357699,0.0022083233919587167,0.002042790277768484,0.0018837542212024388
2.505,0.0021010727778913076,0.0019181333304247516,0.0018486497951195411,0.0022128467979968874,0.0020468917332963485,0.001887549418633613
2.5100000000000002,0.0021053291595682006,0.0019220072246240619,0.0018523658259857318,0.0022173738639272088,0.0020509938468329103,0.0018913457317992672
2.515,0.0021095878816841432,0.001925882873432803,0.001856082922441391,0.002221904707411766,0.002055096644265758,0.001895143203303383
2.52,0.0021138490267567102,0.0019297603411312918,0.0018598011257304429,0.0022264394498953707,0.0020592001525009604,0.001898941877376765
2.525,0.0021181126802128233,0.0019336396943547606,0.0018635204786931663,0.00223097821672717,0.0020633043995031326,0.0019027417999391556
2.5300000000000002,0.0021223789304913275,0.001937521002179631,0.0018672410258279858,0.002235521137286169,0.002067409414337083,0.0019065430186637304
2.535,0.0021266478691491816,0.0019414043362129475,0.0018709628133556481,0.0022400683451107837,0.002071515227211096,0.0019103455830440494
2.54,0.0021309195909713975,0.0019452897706850867,0.0018746858892858874,0.0022446199780325683,0.0020756218695219203,0.0019141495444635695
2.545,0.002135194194084851,0.0019491773825458633,0.0018784103034866668,0.002249176178314228,0.002079729373901526,0.0019179549562678097
2.5500000000000003,0.002139471780076108,0.0019530672515641577,0.0018821361077561017,0.002253737092792082,0.0020838377742657017,0.001921761873839272
2.555,0.0021437524541133997,0.0019569594604311913,0.0018858633558971676,0.002258302873023099,0.0020879471058645595,0.0019255703546752205
2.56,0.00214803632507291,0.0019608540948675883,0.0018895921037952988,0.002262873675436659,0.002092057405335035,0.0019293804584684373
2.565,0.002152323505669501,0.0019647512437343593,0.0018933224094989896,0.002267449661491203,0.002096168710755444,0.001933192247191054
2.57,0.0021566141125920575,0.0019686509991479447,0.0018970543333035172,0.002272030997835906,0.0021002810617021936,0.0019370057851815887
2.575,0.002160908266643601,0.001972553456599485,0.0019007879378379032,0.002276617856477558,0.002104394499308717,0.0019408211392353087
2.58,0.00216520609288634,0.001976458715078446,0.0019045232881552414,0.0022812104149528057,0.0021085090663267333,0.0019446383786980352
2.585,0.0021695077207918414,0.001980366877200786,0.001908260451826524,0.0022858088565059303,0.002112624807189913,0.0019484575755635413
2.59,0.0021738132843964904,0.0019842780493418105,0.0019119994990380957,0.002290413370272346,0.0021167417680800498,0.0019522788045746586
2.595,0.002178122922462433,0.001988192341773895,0.0019157405026928827,0.0022950241514679923,0.0021208599969958376,0.001956102143328253
2.6,0.002182436778644195,0.0019921098688092573,0.001919483538515537,0.002299641401584815,0.0021249795438243496,0.0019599276723842006
2.605,0.002186755001661174,0.001996030748947956,0.0019232286851616552,0.002304265328592539,0.0021291004604153323,0.001963755475378534
2.61,0.002191077745476212,0.001999955105031312,0.0019269760243312184,0.002308896147146918,0.002133222800658422,0.0019675856391409025
2.615,0.002195405169480468,0.002003883064400954,0.0019307256408864274,0.0023135340788046875,0.0021373466205633984,0.0019714182538165185
2.62,0.0021997374386848,0.002007814759063683,0.0019344776229740968,0.0023181793522454226,0.002141471978343595,0.0019752534129927617
2.625,0.0022040747239179077,0.002011750325862386,0.0019382320621527873,0.0023228322035005306,0.0021455989345025945,0.001979091213830618
2.63,0.0022084172020314496,0.002015689906653204,0.0019419890535248576,0.002327492876189608,0.00214972755192433,0.0019829317572011363
2.6350000000000002,0.002212765056112396,0.0020196336484891953,0.001945748695873629,0.0023321616217643914,0.0021538578959667356,0.001986775147827096
2.64,0.0022171184757028713,0.0020235817038107206,0.0019495110918058567,0.0023368386997605524,0.0021579900345590768,0.0019906214944300843
2.645,0.002221477657027744,0.002027534230642813,0.0019532763478997176,0.002341524378057592,0.0021621240383031147,0.001994470909883188
2.65,0.002225842803230243,0.002031491392799771,0.0019570445748585265,0.0023462189331470845,0.0021662599805782477,0.00199832351136952
2.6550000000000002,0.002230214124615881,0.0020354533600972463,0.001960815887670397,0.0023509226504095466,0.002170397937650791,0.002002179420546794
2.66,0.002234591838904974,0.0020394203085721072,0.00196459040577409,0.002355635824400211,0.002174537988787552,0.002006038763718187
2.665,0.0022389761714940713,0.002043392420710355,0.0019683682532312748,0.002360358759143984,0.0021786802163738807,0.0020099016720097245
2.67,0.002243367355726597,0.002047369885683382,0.00197214955890546,0.0023650917684398852,0.002182824706036355,0.0020137682815544403
2.6750000000000003,0.0022477656331730367,0.0020513528995929004,0.0019759344566478505,0.002369835176175279,0.0021869715467703037,0.002017638733683566
2.68,0.0022521712539209974,0.0020553416657248277,0.0019797230854903987,0.0023745893166502003,0.0021911208310723376,0.002021513175125023
2.685,0.0022565844768755033,0.0020593363948124845,0.0019835155898463236,0.0023793545349121183,0.0021952726550780984,0.002025391758209495
2.69,0.002261005570069872,0.002063337305309433,0.0019873121197183977,0.002384131187101453,0.0021994271187054286,0.002029274641084366
2.695,0.0022654348109875534,0.002067344623672303,0.00199111283091529,0.0023889196408082023,0.0022035843258031685,0.002033161987935831
2.7,0.002269872486895316,0.002071358584653992,0.0019949178852762856,0.002393720275440037,0.0022077443843058157,0.0020370539692194847
2.705,0.00227431889518818,0.002075379431607594,0.001998727450904701,0.0023985334826022277,0.002211907406394259,0.0020409507618997158
2.71,0.0022787743437465147,0.002079407416801471,0.0020025417024103374,0.002403359666489784,0.0022160735086628443,0.002044852549698246
2.715,0.002283239151305718,0.002083442801745868,0.0020063608211613134,0.0024081992442922064,0.002220242812293012,0.002048759523352155
2.72,0.0022877136478389425,0.0020874858575314864,0.0020101849955456506,0.0024130526466112443,0.0022244154432337587,0.00205267188088176
2.725,0.0022921981749533023,0.002091536865180463,0.002014014421242976,0.002417920317892087,0.0022285915323892085,0.0020565898278687243
2.73,0.0022966930863000602,0.002095596116010217,0.002017849301506751,0.0024228027168684187,0.0022327712158135577,0.0020605135777447842
2.735,0.002301198747999268,0.002099663912010612,0.0020216898474574143,0.002427700317021779,0.0022369546349136904,0.002064443352091503
2.74,0.0023057155390793847,0.002103740566234945,0.002025536278386879,0.0024326136070556958,0.0022411419366597666,0.0020683793809514683
2.745,0.0023102438519323905,0.002107826403205256,0.002029388822074808,0.002437543091385051,0.0022453332738040918,0.0020723219031513742
2.75,0.002314784092784951,0.0021119217593324868,0.0020332477151171367,0.0024424892906411916,0.0022495288051086033,0.0020762711666374406
2.755,0.0023193366821861873,0.0021160269833520326,0.0020371132032673102,0.002447452742193274,0.0022537286955813013,0.0020802274288236377
2.7600000000000002,0.002323902055512651,0.0021201424367752494,0.002040985541790724,0.002452434000686365,0.002257933116721985,0.0020841909569532108
2.765,0.002328480663491097,0.0021242684943575023,0.0020448649958328896,0.0024574336385968466,0.0022621422467776512,0.0020881620284740063
2.77,0.002333072972739691,0.0021284055445833614,0.0020487518408018445,0.0024624522468056813,0.00226635627100795,0.0020921409314281353
2.775,0.002337679466328298,0.0021325539901695745,0.00205264636276537,0.002467490435190094,0.0022705753819610747,0.0020961279648565078
2.7800000000000002,0.002342300644358525,0.0021367142485864627,0.0020565488588635728,0.0024725488332342917,0.002274799779760513,0.0021001234392188208
2.785,0.0023469370245642143,0.0021408867525984187,0.002060459637737449,0.002477628090659802,0.002279029672403074,0.00210412767682958
2.79,0.0023515891429331057,0.0021450719508242094,0.002064379019974025,0.002482728878076091,0.002283265276068645,0.0021081410123107735
2.795,0.0023562575543504263,0.0021492703083177997,0.002068307338568734,0.002487851887652085,0.0022875068154421317,0.0021121637930618295
2.8000000000000003,0.002360942833265159,0.0021534823071704613,0.0020722449394056843,0.0024929978338092936,0.002291754524048066,0.002116196379747518
2.805,0.0023656455743798098,0.002157708447134932,0.002076192181756521,0.002498167453937199,0.0022960086445983755,0.0021202391468044825
2.81,0.0023703663933644925,0.0021619492462724493,0.0020801494387985933,0.0025033615091316656,0.0023002694293538417,0.0021242924829671175
2.815,0.002375105927596191,0.002166205241623483,0.002084117098153179,0.002508580784957071,0.0023045371404997682,0.0021283567918135224
2.82,0.002379864836924084,0.0021704769899030417,0.002088095562444539,0.002513826092232949,0.002308812050536439,0.0021324324923323043
2.825,0.002384643804461853,0.0021747650682214506,0.0020920852498806145,0.002519098267845917,0.002313094442684931,0.002136520019511024
2.83,0.0023894435374079283,0.002179070074831537,0.0020960865948561947,0.002524398175587708,0.002317384611308896,0.002140619824947109
2.835,0.00239426476789465,0.0021833926299031914,0.0021001000485794345,0.0025297267070201477,0.0023216828623529345,0.002144732377482099
2.84,0.0023991082538673734,0.002187733376326294,0.002104126079722619,0.0025350847823679343,0.0023259895137982206,0.002148858163860105
2.845,0.0024039747799945634,0.002192092980543074,0.002108165175098121,0.0025404733514401232,0.002330304896136044,0.0021529976894114162
2.85,0.0024088651586099807,0.0021964721334109425,0.0021122178403605116,0.002545893394581235,0.002334629352859989,0.002157151478762204
2.855,0.0024137802306880853,0.002200871551096953,0.0021162846007358586,0.0025513459236529462,0.0023389632409774757,0.002161320076571332
2.86,0.002418720866853831,0.00220529197600502,0.002120366001779243,0.0025568319830473313,0.0023433069315414255,0.0021655040482952983
2.865,0.002423687968428061,0.0022097341777371103,0.0021244626101616,0.0025623526507326873,0.0023476608102028424,0.0021697039809823846
2.87,0.002428682468509763,0.0022141989540896438,0.0021285750144870133,0.002567909039332976,0.002352025277785137,0.0021739204840971345
2.875,0.0024337053330964796,0.002218687132086406,0.002132703826141643,0.0025735022972419716,0.002356400750881043,0.002178154190376311
2.88,0.0024387575622442253,0.0022231995690492902,0.0021368496801755137,0.002579133609773229,0.0023607876624730196,0.0021824057567175377
2.8850000000000002,0.0024438401912682947,0.0022277371537082766,0.0021410132362184287,0.0025848042003470146,0.0023651864625780627,0.0021866758651018763
2.89,0.0024489542919864074,0.0022323008073520676,0.0021451951794313378,0.0025905153317154054,0.0023695976189178785,0.002190965223551627
2.895,0.0024541009740056915,0.002236891485020882,0.002149396221494526,0.0025962683072267693,0.002374021617615435,0.0021952745671247084
2.9,0.0024592813860550285,0.0022415101767429466,0.002153617101634054,0.0026020644721308954,0.002378458963918904,0.0021996046589470037
2.9050000000000002,0.002464496717364388,0.002246157908816285,0.002157858587687922,0.0026079052149260875,0.0023829101829540944,0.0022039562912841266
2.91,0.002469748199092781,0.0022508357451374627,0.002162121477213503,0.002613791968749562,0.0023873758205064824,0.002208330286654111
2.915,0.00247503710580657,0.0022555447885790193,0.0021664065986378407,0.0026197262128125473,0.0023918564438340146,0.0022127274989825964
2.92,0.0024803647570098915,0.0022602861824173553,0.0021707148124524654,0.002625709473881519,0.0023963526425118805,0.0022171488148021116
2.9250000000000003,0.0024857325187290433,0.00226506111181293,0.0021750470124544613,0.0026317433278070586,0.002400865029310528,0.0022215951544971636
2.93,0.0024911418051527284,0.002269870805344692,0.0021794041270355646,0.0026378294011018574,0.0024053942411082136,0.002226067473596861
2.935,0.0024965940803301327,0.0022747165366007196,0.0021837871205211607,0.002643969372569461,0.0024099409398394677,0.0022305667641169032
2.94,0.002502090859928872,0.0022795996258271342,0.002188196994561103,0.0026501649749853646,0.00241450581348086,0.0022350940559528088
2.945,0.002507633713054917,0.002284521441637424,0.00219263478957437,0.0026564179968321666,0.002419089577075556,0.002239650418326344
2.95,0.0025132242641366896,0.0022894834027843885,0.0021971015862496304,0.0026627302840904962,0.00242369297379818,0.0022442369612871867
2.955,0.0025188641948755753,0.002294486979996995,0.002201598507103895,0.002669103742087518,0.0024283167760615703,0.0022488548372719226
2.96,0.0025245552462652234,0.002299533697884537,0.0022061267181014916,0.0026755403374048754,0.0024329617866670813,0.0022535052427225806
2.965,0.002530299220682027,0.002304625136910539,0.002210687430335709,0.0026820420998479567,0.0024376288400001357,0.002258189419766967
2.97,0.0025360979840493123,0.0023097629354389896,0.002215281901775521,0.002688611124478483,0.002442318803272818,0.0022629086579631615
2.975,0.0025419534680778343,0.002314948791855526,0.002219911439079922,0.0026952495737124363,0.002447032577815347,0.002267664296110628
2.98,0.0025478676725852654,0.0023201844667663355,0.0022245773994824915,0.002701959679485435,0.0024517711004183656,0.0022724577241304837
2.985,0.002553842667897459,0.002325471785277616,0.0022292811927488937,0.0027087437454877267,0.002456535344728038,0.002277290385017562
2.99,0.0025598805973343804,0.0023308126393585355,0.002234024283210146,0.0027156041494710327,0.0024613263226960277,0.0022821637768670184
2.995,0.0025659836797836794,0.0023362089902907684,0.0022388081918745853,0.002722543345629549,0.002466145086086525,0.0022870794549783146
3.0,0.002572154212365007,0.002341662871207767,0.00224363449862158,0.0027295638670575065,0.0024709927280425685,0.002292039034039556
3.005,0.002578394573188263,0.0023471763897270556,0.002248504844480148,0.00273666832828573,0.0024758703847139797,0.002297044190395221
3.0100000000000002,0.002584707224209092,0.0023527517306789697,0.0022534209339957686,0.0027438594278997473,0.002480779236949353,0.002302096664400497
3.015,0.0025910947141850626,0.0023583911589353493,0.002258384537688807,0.002751139951242069,0.0024857205120546086,0.0023071982628655036
3.02,0.0025975596817360666,0.002364097022341873,0.002263397494608088,0.0027585127732013453,0.002490695485620731,0.00231235086159286
3.025,0.0026041048585126224,0.0023698717547578118,0.0022684617149833076,0.0027659808610911887,0.002495705483423416,0.0023175564080121407
3.0300000000000002,0.0026107330724758865,0.0023757178792071488,0.00227357918298011,0.002773547277621551,0.0025007518833974536,0.002322816923914929
3.035,0.0026174472512933023,0.0023816380111451358,0.002278751959561793,0.002781215183965622,0.002505836117688787,0.002328134508294305
3.04,0.0026242504258539813,0.002387634861844524,0.0022839821854617887,0.0027889878429253347,0.0025109596747873073,0.0023335113402927665
3.045,0.0026311457339080156,0.0023937112419058536,0.002289272084271181,0.0027968686221986317,0.0025161241017435543,0.0023389496822627067
3.0500000000000003,0.002638136423834112,0.002399870064896331,0.0022946239656457374,0.0028048609977517716,0.0025213310064726275,0.00234445188294376
3.055,0.002645225858540055,0.002406114351122029,0.002300040228637062,0.0028129685573000545,0.0025265820601487396,0.002350020380761473
3.06,0.002652417519500698,0.002412447231538278,0.0023055233651526896,0.0028211950039004493,0.002531878999693977,0.0023556577072519325
3.065,0.002659715010938315,0.002418871951803311,0.0023110759635500927,0.00282954415965972,0.002537223630364975,0.002361366490617164
3.0700000000000003,0.0026671220641503466,0.0024253918764804198,0.0023167007123698095,0.0028380199695617636,0.002542617828441357,0.0023671494594162926
3.075,0.0026746425419897236,0.002432010493394054,0.0023224004042130485,0.002846626505417991,0.002548063544019941,0.002373009446397647
3.08,0.002682280443503164,0.0024387314181455078,0.002328177939769389,0.002855367969944719,0.002553562803918884,0.0023789493924771922
3.085,0.0026900399087329972,0.0024455583987940408,0.0023340363320003706,0.0028642487009716343,0.0025591177146960737,0.00238497235086888
3.09,0.0026979252236882887,0.002452495320709488,0.002339978710485005,0.002873273175785563,0.0025647304657862788,0.0023910814913727105
3.095,0.0027059408254912353,0.0024595462116026507,0.0023460083259334895,0.0028824460156138877,0.0025704033327617133,0.0023972801048265397
3.1,0.002714091307705002,0.0024667152467399717,0.0023521285548756213,0.0028917719902520973,0.0025761386807208863,0.0024035716077278678
3.105,0.0027223814258494176,0.0024740067543492545,0.0023583429045306776,0.0029012560228401135,0.0025819389678107744,0.002409959547032119
3.11,0.0027308161031111234,0.00248142522122342,0.0023646550178657863,0.0029109031947921723,0.002587806748887563,0.002416447605134136
3.115,0.002739400436255055,0.0024889752985295588,0.002371068678850085,0.0029207187508851905,0.002593744679321413,0.002423039605039894
3.12,0.002748139701744345,0.0024966618078307926,0.002377587817912236,0.0029307081045107227,0.0025997555189509127,0.0024297395157356913
3.125,0.002757039362075999,0.002504489747328759,0.002384216517609187,0.002940876843095765,0.0026058421361931077,0.00243655145776237
3.13,0.0027661050723399474,0.0025124642983347795,0.0023909590185143322,0.00295123073369783,0.002612007512315232,0.002443479709002373
3.1350000000000002,0.002775342687009353,0.0025205908319781037,0.0023978197253335855,0.0029617757287798982,0.0026182547458744937,0.0024505287106877916
3.14,0.0027847582669703243,0.00252887491615991,0.002404803213258165,0.002972517972171027,0.0026245870573325353,0.0024577030736378166
3.145,0.0027943580867994845,0.002537322322762073,0.0024119142345632814,0.0029834638052185936,0.00263100779385144,0.0024650075847343755
3.15,0.002804148642298119,0.0025459390351200107,0.002419157725462214,0.002994619773138322,0.0026375204342784183,0.002472447213645032
3.1550000000000002,0.0028141366582919644,0.0025547312557693182,0.002426538813225687,0.0030059926315684567,0.0026441285943266074,0.0024800271198026024
3.16,0.0028243290967059874,0.0025637054144761833,0.002434062823576794,0.0030175893533346495,0.002650836031959695,0.002487752659651279
3.165,0.002834733164923874,0.0025728681765620075,0.0024417352883721517,0.0030294171354323315,0.002657646652988385,0.0024956293941694567
3.17,0.0028453563244422333,0.0025822264515330032,0.0024495619535803556,0.0030414834062335574,0.002664564516887045,0.0025036630966798054
3.1750000000000003,0.002856206299829943,0.002591787402025925,0.002457548787569235,0.0030537958329255504,0.0026715938428391894,0.0025118597609575734
3.18,0.0028672910880033586,0.002601558453081537,0.0024657019897138784,0.003066362329188379,0.002678739016020807,0.002520225609648501
3.185,0.002878618967828562,0.0026115473017578193,0.002474027999337829,0.003079191063119474,0.0026860045941308947,0.0025287671030081718
3.19,0.002890198510062141,0.0026217619270953404,0.0024825335050003543,0.0030922904654129084,0.0026933953141789094,0.0025374909479750733
3.1950000000000003,0.002902038587642469,0.0026322106004477317,0.0024912254541431807,0.0031056692378016292,0.0027009160995392586,0.0025464041075901073
3.2,0.002914148386343812,0.0026429018961905987,0.0025001110631106046,0.0031193363617711004,0.0027085720672833306,0.0025555138107757848
3.205,0.0029265374158060874,0.002653844702822775,0.0025091978275574417,0.003133301107553088,0.0027163685357999845,0.0025648275624888333
3.21,0.0029392155209534898,0.002665048234474257,0.0025184935332598145,0.0031475730434085787,0.0027243110327158458,0.0025743531542604795
3.215,0.0029521928938157117,0.002676522042835742,0.0025280062673443716,0.0031621620452091373,0.0027324053031272046,0.002584098675139212
3.22,0.002965480085765951,0.0026882760295251986,0.002537744429952142,0.0031770783063263027,0.0027406573181557817,0.002594072523051386
3.225,0.0029790880201903867,0.002700320458907493,0.002547716746353835,0.0031923323478389005,0.0027490732838410877,0.0026042834165956297
3.23,0.002993028005604363,0.0027126659713836688,0.0025579322795340792,0.003207935029068543,0.002757659650382639,0.0026147404072876233
3.235,0.0030073117492310027,0.002725323597167066,0.0025684004432627206,0.0032238975584538004,0.0027664231217457793,0.002625452892272429
3.24,0.0030219513710585677,0.002738304770564147,0.002579131015672064,0.003240231504773987,0.0027753706656454126,0.0026364306275222502
3.245,0.0030369594183934467,0.0027516213447784862,0.0025901341533596123,0.003256948808733776,0.002784509523922525,0.0026476837415381304
3.25,0.003052348880926242,0.00276528560725712,0.002601420406036668,0.003274061794920254,0.002793847223328945,0.002659222749574863
3.255,0.003068133206329041,0.002779310295599101,0.0026130007317439023,0.003291583184144373,0.0028033915867363935,0.0026710585684090594
3.2600000000000002,0.0030843263164026134,0.0027937086140468717,0.0026248865126558565,0.00330952610617918,0.002813150744786529,0.0026832025316711416
3.265,0.0031009426237929094,0.002808494250581793,0.00263708957149715,0.003327904112907557,0.0028231331479993287,0.002695666405762773
3.27,0.003117997049296938,0.002823681394645982,0.0026496221885940903,0.0033467311918926605,0.002833347579357852,0.002708462406382104
3.275,0.0031355050397788038,0.0028392847555133755,0.002662497119586273,0.0033660217803846296,0.0028438031673881014,0.0027216032156800233
3.2800000000000002,0.003153482586717417,0.002855319581333837,0.0026757276138236986,0.0033857907797776,0.002854509399753492,0.002735102000071506
3.285,0.0031719462454081375,0.0028718016788749235,0.0026893274334759704,0.00340605357053149,0.0028654761373841406,0.002748972428727096
3.29,0.003190913154841434,0.0028887474339869233,0.002703310873381112,0.003426826027573524,0.002876713629162059,0.0027632286927704777
3.295,0.003210401058282393,0.00290617383281761,0.002717692781662641,0.003448124536194889,0.002888232527184069,0.0027778855252090936
3.3000000000000003,0.003230428324575817,0.0029240984838042132,0.0027324885811446306,0.0034699660084584515,0.002900043902625218,0.0027929582216258183
3.305,0.0032510139702024727,0.0029425396404710517,0.00274771429159564,0.003492367900133965,0.0029121592622262825,0.002808462661660721
3.31,0.003272177682113002,0.0029615162250623897,0.0027633865528336196,0.0035153482281777486,0.002924590565429942,0.0028244153313131204
3.315,0.0032939398413668742,0.002981047853041054,0.0027795226487250806,0.0035389255887742993,0.0029373502421911196,0.002840833346095229
3.3200000000000003,0.0033163215476047967,0.0030011548584845844,0.0027961405321131677,0.0035631191759579305,0.0029504512114880256,0.0028577344750699077
3.325,0.0033393446443839452,0.0030218583204117545,0.0028132588507105705,0.0035879488008330835,0.0029639069005614692,0.0028751371658063012
3.33,0.003363031745406468,0.0030431800900735913,0.0028308969739946443,0.003613434911412551,0.00297773126491109,0.0028930605702883997
3.335,0.0033874062616727108,0.003065142819244182,0.0028490750211434927,0.003639598613093478,0.002991938809078291,0.002911524571812898
3.34,0.0034124924295918066,0.003087769989547933,0.002867813890053342,0.0036664616897916537,0.003006544608246808,0.002930549812914157
3.345,0.003438315340083369,0.0031110859428612235,0.0028871352874790274,0.0036940466257552465,0.00302156433069311,0.0029501577243554603
3.35,0.0034649009687052167,0.003135115912827839,0.0029070617603410747,0.003722376628079821,0.0030370142611200403,0.002970370555227296
3.355,0.0034922762068433488,0.0031598860575289753,0.002927616728244548,0.0037514756499472173,0.003052911324908469,0.0029912114041949385
3.36,0.00352046889400157,0.003185423493350101,0.002948824517256529,0.003781368414611507,0.0030692731133230445,0.0030127042519391984
3.365,0.0035495078512295724,0.0032117563300885503,0.0029707103949909697,0.0038120804401561093,0.0030861179097096164,0.003034873994835924
3.37,0.003579422915729589,0.003238913707347269,0.0029933006070515114,0.003843638065046776,0.003103464716723305,0.003057746479921528
3.375,0.003610244976683209,0.003266925832261866,0.0030166224148848405,0.0038760684745061404,0.003121333284627814,0.0030813485411936934
3.38,0.0036420060123413278,0.003295824018609802,0.0030407041350991597,0.003909399727736138,0.0031397441407080753,0.003105708037298171
3.3850000000000002,0.003674739128421798,0.00332564072735233,0.003065575180304494,0.003943660786015624,0.0031587186198400756,0.0031308538906546684
3.39,0.0037084785978608653,0.003356409608661696,0.0030912661015337272,0.00397888154170129,0.0031782788962633553,0.0031568161280767235
3.395,0.0037432599019661624,0.003388165545488039,0.003117808632305569,0.004015092848160949,0.0031984480166035298,0.0031836259229426614
3.4,0.0037791197730206163,0.0034209446987223373,0.003145235734392975,0.0040523265506691285,0.0032192499341939795,0.003211315638976823
3.4050000000000002,0.003816096238388471,0.0034547845540139122,0.0031735816453630633,0.004090615518295948,0.0032407095447478376,0.0032399188757025587
3.41,0.003854228666176352,0.003489723970303103,0.003202881927957043,0.004129993676821167,0.0032628527234333914,0.0032694705156308375
3.415,0.0038935578125042503,0.0035258032301319527,0.003233173521381455,0.004170496042706421,0.0032857063634081337,0.003300006773250755
3.42,0.003934125870443121,0.003563064091797999,0.003264494794584611,0.004212158758159612,0.0033092984158688216,0.003331565245890701
3.4250000000000003,0.003975976520677909,0.003601549843418761,0.003296885601595135,0.004255019127326585,0.003333657931677187,0.0033641849665216744
3.43,0.004019154983956791,0.003641305358976846,0.003330387339002379,0.004299115653646343,0.0033588151046233137,0.003397906458576837
3.435,0.004063708075389681,0.0036823771564183268,0.003365043005661661,0.0043444880784071944,0.0033848013163910993,0.0034327717928643846
3.44,0.0041096842606611166,0.0037248134578795004,0.003400897264710383,0.004391177420542439,0.0034116491832927548,0.003468824646653581
3.4450000000000003,0.0041571337142250735,0.003768664252120117,0.003437996507984515,0.004439226017705457,0.0034393926048419433,0.0035061103650169912
3.45,0.00420610837955156,0.003813981359243803,0.0034763889229283192,0.004488677568665299,0.0034680668142379007,0.0035446760245150433
3.455,0.004256662031497379,0.0038608184977895806,0.0035161245620938635,0.004539577177065296,0.0034977084308357364,0.0035845704993123714
3.46,0.004308850340875872,0.003909231354281244,0.0035572554153305,0.004591971396588447,0.0035283555146810213,0.003625844529818785
3.465,0.004362730941303248,0.003959277655324719,0.003599835484768471,0.004645908277574803,0.0035600476231898827,0.0036685507939512763
3.47,0.0044183634984017225,0.004011017242346685,0.003643920862704789,0.004701437415137604,0.003592825870059056,0.0037127439811171477
3.475,0.004475809781442555,0.004064512149071283,0.0036895698125036613,0.004758609998826258,0.0036267329864935567,0.003758480869022157
3.48,0.004535133737515077,0.004119826681835198,0.003736842852628256,0.0048174788638859975,0.003661813384843232,0.003805820403411562
3.485,0.004596401568310671,0.0041770275028450545,0.0037858028439248896,0.004878098544165424,0.0036981132247429,0.0038548237808560563
3.49,0.0046596818096139685,0.004236183716484996,0.0038365150802855902,0.004940525326725015,0.0037356804818545856,0.0039055545346988506
3.495,0.004725045413596668,0.004297366958786114,0.0038890473828197625,0.0050048173082012344,0.003774565019314247,0.003958078624284628
3.5,0.004792565834012868,0.004360651490173641,0.00394347019767083,0.005071034452982693,0.003814818661989394,0.004012464527595674
3.505,0.0048623191143980955,0.004426114291611927,0.003999856697618861,0.005139238653256627,0.003856495273658167,0.004068783337425293
3.5100000000000002,0.0049343839793780375,0.004493835164271702,0.004058282887615758,0.005209493790985811,0.003899650837224799,0.004127108861223577
3.515,0.005008841929196522,0.004563896832848625,0.004118827714405213,0.005281865801877939,0.003944343538090953,0.004187517724755733
3.52,0.005085777337576377,0.004636385052666998,0.004181573180385562,0.0053564227414116365,0.003990633850807107,0.004250089479718619
3.525,0.005165277553030534,0.0047113887207071705,0.00424660446187968,0.005433234852985057,0.004038584629132976,0.004314906715466561
3.5300000000000002,0.005247433003745123,0.004788999990700448,0.004314010031982609,0.005512374638255488,0.004088261199641118,0.004382055175003358
3.535,0.005332337306160414,0.00486931439244055,0.004383881788163937,0.005593916929740169,0.00413973145900313,0.004451623875403431
3.54,0.005420087377380126,0.004952430955466056,0.0044563151848091825,0.005677938965751328,0.004193065975103332,0.004523705232831251
3.545,0.00551078355154388,0.005038452337273928,0.0045314093708911365,0.0057645204677401855,0.004248338092130459,0.004598395192334529
3.5500000000000003,0.005604529700302706,0.005127484956230199,0.004609267332969857,0.005853743720127539,0.0043056240398039475,0.0046757933625936
3.555,0.00570143335754212,0.005219639129349815,0.004689996043727469,0.005945693652700822,0.004365003046897369,0.0047560031558160475
3.56,0.0058016058485027,0.0053150292151240884,0.004773706616252123,0.006040457925660155,0.004426557459228229,0.004839131932973317
3.565,0.0059051624234530125,0.005413773761580674,0.004860514464293473,0.0061381270173985324,0.004490372862289682,0.00492529115458303
3.5700000000000003,0.006012222396075543,0.005515995659767679,0.004950539468720938,0.006238794315104094,0.004556538208706932,0.005014596537248921
3.575,0.006122909286731678,0.005621822302860692,0.005043906150424725,0.006342556208275088,0.004625145950707963,0.005107168216178197
3.58,0.006237350970777929,0.005731385751098785,0.005140743849909103,0.006449512185241397,0.0046962921778060975,0.00520313091390457
3.585,0.006355679832111289,0.005844822902762892,0.005241186913836823,0.0065597649327890015,0.004770076759899214,0.005302614115453939
3.59,0.0064780329221282235,0.005962275671417981,0.005345374888793795,0.006673420438987333,0.0048466034959988805,0.0054057522501987
3.595,0.006604552124288144,0.006083891169648639,0.005453452722553546,0.006790588099322491,0.004925980268810785,0.005512684880656128
3.6,0.0067353843244788705,0.0062098218995256535,0.005565570973131517,0.0069113808262423575,0.005008319205396734,0.00562355689849596
3.605,0.00687068158738886,0.006340225950050528,0.005681886025931065,0.007035915162223721,0.005093736844157509,0.005738518728032462
3.61,0.007010601339097703,0.006475267201833285,0.005802560319294003,0.007164311396474239,0.005182354308385191,0.005857726537486792
3.615,0.0071553065561043615,0.006615115539268718,0.005927762578781207,0.007296693685386326,0.005274297486643391,0.005981342458316339
3.62,0.007304965961019937,0.006759947070485696,0.006057668060521053,0.007433190176863426,0.005369697220244103,0.006109534812919096
3.625,0.00745975422516019,0.006909944355354388,0.006192458803976831,0.007573933138643485,0.00546868949810036,0.006242478351032855
3.63,0.00761985217828078,0.007065296641846572,0.006332323894497468,0.0077190590907476025,0.005571415659244773,0.006380354495161222
3.6350000000000002,0.007785447025707287,0.007226200111054969,0.006477459736030434,0.00786870894218702,0.005678022603315711,0.0065233515953711865
3.64,0.007956732573120566,0.0073928581311888675,0.00662807033438997,0.008023028132064937,0.005788663009324349,0.006671665193819946
3.645,0.008133909459267586,0.007565481520875047,0.00678436759148945,0.008182166775214801,0.005903495563028709,0.0068254982993828425
3.65,0.008317185396876857,0.007744288822104627,0.006946571610961924,0.008346279812520573,0.00602268519325297,0.006985061672767597
3.6550000000000002,0.008506775422068007,0.007929506583179362,0.007114911015609871,0.008515527166069712,0.006146403317504248,0.007150574122515753
3.66,0.00870290215255472,0.008121369652023768,0.007289623277141911,0.008690073899294187,0.006274828097252341,0.00732226281230671
3.665,0.008905796054951448,0.008320121480242786,0.007470955058672052,0.00887009038225985,0.0064081447032529925,0.00750036357999621
3.67,0.009115695721504417,0.008526014438318541,0.00765916257047548,0.009055752462269728,0.0065465455913094025,0.007685121268837126
3.6750000000000003,0.009332848156579544,0.008739310142354458,0.007854511939513973,0.009247241639952053,0.006690230788882989,0.007876790071347773
3.68,0.009557509073251029,0.008960279792789575,0.008057279593263819,0.009444745251009265,0.006839408192979872,0.008075633886310763
3.685,0.009789943200347071,0.009189204525521823,0.008267752658400053,0.009648456653810276,0.006994293879757164,0.008281926689403859
3.69,0.01003042460032097,0.00942637577589473,0.008486229374911725,0.00985857542301342,0.007155112426309685,0.008495952917983083
3.6950000000000003,0.010279236998329649,0.009672095656018734,0.008713019526245683,0.01007530754941444,0.007322097245116673,0.008718007870558837
3.7,0.010536674122914431,0.009926677345915685,0.008948444886099098,0.01029886564621902,0.007495490931646176,0.008948398121525602
3.705,0.010803040058693597,0.010190445498993173,0.009192839682505397,0.010529469161947287,0.007675545625635303,0.009187441951728353
3.71,0.011078649611489619,0.010463736662373253,0.009446551079882562,0.010767344600182588,0.007862523386583851,0.009435469795469735
3.715,0.011363828686329973,0.010746899712619946,0.009709939679739344,0.01101272574638517,0.008056696584020813,0.009692824704586146
3.72,0.011658914678775233,0.011040296307429927,0.009983380040761424,0.011265853901997656,0.00825834830312493,0.009959862830244573
3.725,0.011964256880044172,0.011344301353870554,0.010267261219027641,0.011526978126076805,0.00846777276630308,0.010236953923136316
3.73,0.012280216896422802,0.011659303493772267,0.010561987329135436,0.011796355484693497,0.008685275771354858,0.010524481852770955
3.735,0.012607169083460337,0.011985705606903076,0.010867978127044795,0.012074251308350699,0.008911175146875294,0.010822845146599026
3.74,0.012945500995473896,0.012323925332577122,0.011185669615481383,0.012360939457677203,0.009145801225574401,0.011132457549721074
3.745,0.013295613850901479,0.01267439561037205,0.011515514672771765,0.012656702597663015,0.009389497336217889,0.011453748605969032
3.75,0.013657923014062063,0.013037565240656308,0.011857983706018205,0.012961832480711463,0.009642620314922376,0.011787164261175959
3.755,0.014032858493901276,0.013413899465650757,0.012213565329554461,0.013276630238790811,0.00990554103656581,0.012133167489481528
3.7600000000000002,0.01442086546032132,0.013803880571777893,0.012582767069661549,0.013601406684978664,0.01017864496710507,0.012492238943552761
3.765,0.014822404778715676,0.014208008514077967,0.012966116096559548,0.013936482624700139,0.010462332737622664,0.012864877629633082
3.77,0.015237953563349683,0.014626801563501069,0.013364159984731665,0.014282189176972798,0.01075702074095821,0.013251601608368422
3.775,0.015668005750251998,0.01506079697791225,0.013777467502676508,0.01463886810597875,0.01106314175181245,0.01365294872239345
3.7800000000000002,0.01611307269030471,0.015510551697679639,0.014206629433228112,0.01500687216329674,0.011381145571247716,0.014069477351701054
3.785,0.01657368376324394,0.015976643066744838,0.014652259425626604,0.0153865654411364,0.011711499696544538,0.014501767197854936
3.79,0.017050387013308944,0.01645966958011045,0.015114994880568524,0.015778323736929268,0.012054690017411954,0.014950420098147541
3.795,0.017543749807301993,0.016960251658711442,0.015595497869513236,0.016182534929640228,0.012411221539588357,0.015416060870846161
3.8000000000000003,0.018054359515850014,0.01747903245267424,0.01609445608957138,0.016599599368177693,0.012781619136910461,0.015899338192714343
3.805,0.018582824218685283,0.01801667867400312,0.01661258385535231,0.0170299302722903,0.01316642833297045,0.016400925510041315
3.81,0.019129773434793038,0.018573881459772332,0.017150623129201712,0.017473954146352607,0.013566216113525272,0.016921521984459065
3.815,0.01969585887830152,0.01915135726694147,0.017709344591314378,0.01793211120645309,0.013981571770868053,0.017461853474874677
3.8200000000000003,0.020281755241023047,0.019749848799952206,0.018289548751266264,0.018404855821212922,0.014413107781419033,0.018022673556898017
3.825,0.02088816100258497,0.020370125972307633,0.018892067102568372,0.01889265696677651,0.014861460717842927,0.018604764581195078
3.83,0.02151579926912433,0.02101298690337964,0.0195177633219085,0.019395998696429665,0.015327292197051168,0.01920893877225536
3.835,0.022165418641551936,0.021679258951733966,0.020167534514809387,0.019915380625315476,0.0158112898655007,0.01983603936911446
3.84,0.02283779411442949,0.02236979978631119,0.020842312509500697,0.020451318430733355,0.016314168423256704,0.02048694180963515
3.845,0.023533728006538662,0.023085498496851195,0.021543065200870595,0.021004344368522335,0.01683667068834458,0.021162554960010137
3.85,0.02425405092425915,0.023827276744997208,0.022270797946435293,0.021575007806045144,0.01737956870297534,0.021863822391212095
3.855,0.024999622758913594,0.02459608995757164,0.023026555016340024,0.02216387577230826,0.01794366488329338,0.02259172370418581
3.86,0.025771333719275494,0.025392928563566997,0.023811421099482637,0.022771533525766424,0.018529793214357323,0.02334727590564144
3.865,0.026570105400480944,0.026218819276454582,0.0246265228679322,0.02339858514038271,0.019138820492134445,0.024131534836382387
3.87,0.027396891890626895,0.027074826423469832,0.025473030601898476,0.024045654110528964,0.01977164761435801,0.024945596654173417
3.875,0.028252680916385903,0.02796205332359785,0.026352159877597012,0.024713383975334152,0.02042921092216991,0.025790599373231596
3.88,0.029138495029011287,0.0288816437160399,0.02726517332044272,0.025402438963104085,0.02111248359454668,0.026667724462502252
3.8850000000000002,0.030055392832158228,0.029834783241012887,0.028213382426101795,0.026113504656459077,0.021822477097585443,0.02757819850496471
3.89,0.031004470252993917,0.03082270097479745,0.02919814945202736,0.026847288678855052,0.022560242690808113,0.028523294920297558
3.895,0.03198686185812456,0.03184667102102376,0.030220889382208436,0.027604521403175604,0.023326872992727156,0.029504335753324756
3.9,0.033003742215917536,0.03290801416025277,0.03128307196796409,0.02838595668310473,0.024123503608004276,0.030522693530751138
3.9050000000000002,0.03405632730685587,0.03400809955999174,0.03238622384772758,0.029192372608012496,0.024951314818625364,0.03157979318879833
3.91,0.03514587598361743,0.03514834654735464,0.033531930748877156,0.03002457228210919,0.025811533341610154,0.032677114074445776
3.915,0.03627369148263363,0.03633022644666577,0.03472183977478934,0.030883384628649393,0.02670543415587428,0.03381619202308957
3.92,0.03744112298894056,0.03755526448438307,0.0359576617804132,0.0317696652199895,0.02763434240096432,0.034998621515535504
3.9250000000000003,0.03864956725620317,0.03882504176380929,0.03724117383979197,0.032684297134331824,0.028599635350493483,0.03622605791735592
3.93,0.0399004702838565,0.04014119731214545,0.03857422180909013,0.033628191840010646,0.02960274446321684,0.03750021980375602
3.935,0.04119532905337952,0.04150543020254104,0.03995872298882442,0.034602290108209185,0.030645157514800625,0.038822891373215124
3.94,0.04253569332578415,0.04291950175388308,0.04139666888913587,0.03560756295501818,0.03172842081346028,0.040195924953290954
3.9450000000000003,0.04392316750247964,0.04438523781117624,0.04289012810209324,0.036645012613781294,0.03285414150276695,0.04162124360210865
3.95,0.04535941255174515,0.04590453110946386,0.04444124928516893,0.03771567353869989,0.03402398995505111,0.043100843809184684
3.955,0.04684614800312604,0.047479343724353196,0.04605226426019246,0.03882061344070441,0.03523970225896984,0.04463679829938369
3.96,0.04838515401214572,0.04911170961231357,0.04772549123224836,0.03996093435662573,0.03650308280493862,0.046231258943941464
3.9650000000000003,0.04997827349781458,0.050803737244041254,0.04946333813316328,0.041137773752741205,0.037816006972281734,0.0478864597826453
3.97,0.051627414355500736,0.05255761233429529,0.05126830609440248,0.04235230566379742,0.0391804239221001,0.04960472016141525
3.975,0.05333455174782237,0.05437560067174367,0.053142993054388146,0.04360574186865282,0.040598359500018874,0.05138844798969299
3.98,0.055101730476308924,0.05626005105247943,0.055090097505436746,0.044899333103714814,0.04207191925313348,0.053240143122213056
3.985,0.05693106743668177,0.05821339832100744,0.05711242238572485,0.04623437031538839,0.04360329156565111,0.055162400869906
3.99,0.05882475416070123,0.060238166522637186,0.05921287912189395,0.04761218595278976,0.045194750917894905,0.05715791564486439
3.995,0.06078505944763144,0.062336972171364725,0.06139449182812439,0.049034155302019336,0.046848661273525126,0.05922948474449053
4.0,0.0628143320884855,0.06451252763747396,0.06366040166773762,0.05050169786333051,0.04856747960002132,0.061380012280141054
4.005,0.06491500368631825,0.06676764465924201,0.0660138713836134,0.05201627877257299,0.050353759527668594,0.06361251325578526
4.01,0.0670895915759558,0.06910523798329714,0.06845829000395905,0.05357941026833425,0.05221015515249679,0.06593011780240604
4.015,0.06934070184666688,0.07152832913834165,0.07099717773021642,0.05519265320624821,0.05413942498883599,0.06833607557408974
4.0200000000000005,0.07167103247140576,0.07404005034712481,0.07363419101415737,0.05685761862198765,0.05614443607737601,0.07083376031198113
4.025,0.07408337654638142,0.0766436485817313,0.07637312783148666,0.05857596934450449,0.05822816825484274,0.07342667458250678
4.03,0.0765806256448502,0.07934248976743816,0.07921793315956609,0.06034942166113602,0.060393718591659165,0.07611845469653332
4.035,0.07916577328914907,0.08214006314057677,0.08217270466715175,0.062179747036240934,0.06264430600418924,0.07891287581635617
4.04,0.0818419185451461,0.08503998576604785,0.08524169862435364,0.06406877388508876,0.06498327604844142,0.08181385725769953
4.045,0.0846122697434208,0.08804600722033554,0.08842933604134423,0.06601838940477806,0.067414105902365,0.08482546799417251
4.05,0.08748014833164361,0.0911620144460847,0.09174020904466594,0.06803054146401678,0.06994040954416374,0.08795193237190851
4.055,0.09044899286277953,0.09439203678452453,0.09517908750033555,0.07010724055365725,0.07256594313433508,0.091197636042419
4.0600000000000005,0.093522363123906,0.09774025119225942,0.09875092589329838,0.0722505617999405,0.07529461060945315,0.09456713212199111
4.065,0.09670394441059844,0.10121098764917105,0.10246087047315003,0.07446264704245967,0.07813046949601936,0.09806514758627624
4.07,0.0999975519520255,0.10480873476444792,0.10631426667644216,0.0767457069789356,0.08107773695305061,0.10169658990906262
4.075,0.10340713549205488,0.10853814558798527,0.11031666683626352,0.07910202337893833,0.08414079605239072,0.10546655395453734
4.08,0.10693678403187973,0.11240404363469017,0.11447383819022607,0.08153395136878075,0.08732420230610786,0.10938032913273397
4.085,0.11059073073985683,0.11641142912948496,0.11879177119840137,0.08404392178986848,0.09063269045069157,0.11344340682820646
4.09,0.11437335803445213,0.1205654854811011,0.12327668818320507,0.0866344436328699,0.09407118149815895,0.11766148811236457
4.095,0.11828920284639756,0.12487158599303738,0.12793505230369034,0.08930810655013971,0.09764479006456597,0.1220404917503048
4.1,0.12234296206637708,0.12933530082037648,0.1327735768771933,0.09206758344891727,0.10135883198683975,0.12658656251337522
4.105,0.12653949818478447,0.13396240418146613,0.13779923506177838,0.09491563316789313,0.10521883223927671,0.13130607980915843
4.11,0.13088384513031928,0.1387588818337968,0.14301926991343603,0.09785510323982162,0.10923053316148755,0.13620566664098094
4.115,0.13538121431444497,0.14373093882376586,0.14844120483256087,0.10088893274295506,0.11339990301005895,0.141292198909548
4.12,0.14003700088894908,0.14888500752035067,0.1540728544147522,0.1040201552441441,0.1177331448466485,0.1465728150697517
4.125,0.1448567902241332,0.15422775594309623,0.15992233572160194,0.10725190183655572,0.12223670577576352,0.15205492615622096
4.13,0.14984636461540485,0.15976609639520092,0.1659980799877216,0.11058740427505385,0.12691728654597123,0.15774622619169837
4.135,0.1550117102263263,0.16550719441287598,0.17230884478089167,0.11402999821237778,0.13178185152884642,0.16365470299285498
4.14,0.1603590242764562,0.1714584780425661,0.17886372663287392,0.11758312653936101,0.13683763909051194,0.16978864938872196
4.1450000000000005,0.16589472248261664,0.17762764745804063,0.18567217415910303,0.12125034283253538,0.14209217237122315,0.17615667486749884
4.15,0.17162544676251293,0.18402268492980775,0.19274400168617323,0.12503531491257042,0.1475532704890369,0.18276771766807937
4.155,0.17755807320997444,0.19065186515976523,0.20008940340679374,0.1289418285171172,0.1532290601842732,0.18963105733330715
4.16,0.18369972035136906,0.19752376599445373,0.20771896808260096,0.1329737910917267,0.159127987922085,0.19675632774255786
4.165,0.19005775769312208,0.20464727953079606,0.215643694316058,0.13713523570264446,0.16525883247117612,0.20415353064197325
4.17,0.19663981457059718,0.21203162362869657,0.22387500641344785,0.14143032507539768,0.1716307179773951,0.21183304969134473
4.175,0.20345378930896418,0.21968635384540192,0.23242477086185545,0.145863355763219,0.17825312755167236,0.21980566504736643
4.18,0.21050785870705516,0.2276213758070861,0.24130531344389206,0.15043876244948118,0.1851359173925451,0.22808256850375205
4.1850000000000005,0.21781048785559573,0.23584695803366396,0.25052943701485203,0.15516112238845162,0.19228933146428384,0.23667537920947002
4.19,0.22537044030159864,0.24437374523343874,0.2601104399679304,0.1600351599888101,0.19972401675249649,0.24559615998717105
4.195,0.23319678857112902,0.2532127720848165,0.2700621354141591,0.16506575154452785,0.20745103911993035,0.2548574342747384
4.2,0.24129892506307538,0.2623754775228983,0.2803988711046902,0.17025793011783455,0.21548189978606566,0.2644722037137377
4.205,0.2496865733270007,0.2718737195494728,0.29113555012418524,0.17561689057917057,0.2238285524550622,0.2744539664094807
4.21,0.25836979973862373,0.28171979058556823,0.3022876523851456,0.1811479948091687,0.23250342111755684,0.2848167358883428
4.215,0.26735902558694546,0.2919264333864562,0.31387125695418594,0.1868567770678745,0.24151941855282402,0.2955750607789595
4.22,0.2766650395875353,0.3025068575396942,0.32590306524245843,0.19274894953658137,0.2508899655588622,0.30674404524494825
4.225,0.2862990108370012,0.31347475656758,0.33840042509365065,0.1988304080378339,0.2606290109390204,0.31833937019783726
4.23,0.2962725022242017,0.32484432565615856,0.35138135580434743,0.2051072379393185,0.27075105227496266,0.33037731532001624
4.235,0.3065974843142951,0.3366302800337223,0.3648645741127648,0.21158572024755812,0.2812711575168725,0.342874781928609
4.24,0.31728634972231357,0.34884787402262657,0.3788695211934473,0.2182723378975246,0.29220498742308565,0.35584931671242614
4.245,0.3283519279935001,0.36151292078906033,0.3934163906967377,0.2251737822444423,0.3035688188825323,0.3693191363752713
4.25,0.3398075010082929,0.3746418128163505,0.4085261578735759,0.23229695976430373,0.3153795691547466,0.38330315322026737
4.255,0.3516668189304403,0.3882515431283129,0.42422060982753484,0.23964899896980274,0.3276548210635333,0.397821001711105
4.26,0.3639441167174158,0.40235972729012065,0.44052237693781204,0.24723725754860051,0.3404128491818093,0.41289306604752535
4.265,0.3766541312129338,0.4169846262151792,0.4574549654984273,0.2550693297310883,0.3536726470466293,0.4285405087937621
4.2700000000000005,0.3898121188421083,0.43214516980752976,0.4750427916207315,0.26315305389501437,0.3674539554448926,0.44478530060016375
4.275,0.40343387393048763,0.44786098147039305,0.4933112164481367,0.27149652041458416,0.38177729181188647,0.46165025105969326
4.28,0.41753574766898266,0.46415240351260345,0.5122865827338261,0.2801080797619194,0.3966639807864498,0.47915904074273147
4.285,0.43213466774743303,0.4810405234857868,0.5319962528342344,0.2889963508689574,0.4121361859682252,0.49733625445505303
4.29,0.44724815868040774,0.49854720148641835,0.5524686481730361,0.2981702297581775,0.4282169429243271,0.5162074157658105
4.295,0.4628943628496365,0.5166950984580918,0.5737332902326541,0.3076388984508048,0.4449301934945672,0.5357990228539009
4.3,0.4790920622883409,0.5355077055306383,0.5958208431322931,0.3174118341613995,0.4623008214463232,0.5561385857231692
4.305,0.4958607012336229,0.5550093744341037,0.6187631578540321,0.32749881878804504,0.4803546895321692,0.5772546648386269
4.3100000000000005,0.5132204094739918,0.5752253490269325,0.6425933181806367,0.33790994870763696,0.4991186780054109,0.5991769112379853
4.315,0.5311920265200463,0.5961817979791779,0.6673456884114485,0.34865564488607637,0.5186207246509252,0.6219361081748561
4.32,0.5497971266273833,0.6179058486531056,0.6930559629251333,0.3597466633135074,0.5388898663909264,0.6455642143520632
4.325,0.5690580447017135,0.6404256222249768,0.7197612176607199,0.37119410577502704,0.5599562825275664,0.6700944088058293
4.33,0.5889979031173371,0.6637702700935322,0.7474999635912999,0.38300943096766765,0.5818513396868176,0.6955611375038282
4.335,0.6096406394811653,0.6879700116223235,0.7763122022673596,0.3952044659747801,0.6046076385305493,0.7220001617225641
4.34,0.6310110353756249,0.7130561732647163,0.806239483510016,0.4077914181093067,0.6282590623063649,0.7494486082720749
4.345,0.6531347461149601,0.7390612291222529,0.8373249653371974,0.42078288713780476,0.6528408273074979,0.7779450216383764
4.3500000000000005,0.6760383315506685,0.7660188429888799,0.869613476209379,0.43419187789746183,0.6783895353179461,0.8075294181170323
4.355,0.6997492879630263,0.7939639119354422,0.9031515796844319,0.4480318133187291,0.7049432281208476,0.8382433420137182
4.36,0.724296081077073,0.822932611490958,0.9379876415751145,0.46231654786663573,0.7325414441514384,0.8701299239908409
4.365,0.749708180242603,0.8529624424790458,0.9741718997057482,0.4770603814142118,0.7612252773787972,0.9032339416421084
4.37,0.7760160938192735,0.8840922795702658,1.0117565363689816,0.4922780735619391,0.7910374385041631,0.9376018823800601
4.375,0.8032514058092934,0.916362421613146,1.050795753586896,0.5079848584175545,0.8220223185669326,0.9732820087250251
4.38,0.831446813781681,0.9498146438091079,1.0913458512852257,0.5241964598510119,0.8542260550530651,1.010324426087057
4.385,0.8606361681336285,0.9844922517988253,1.1334653084932163,0.5409291072398748,0.8876966006043447,1.0487811531360975
4.39,0.8908545127361177,1.0204401377300267,1.1772148676864542,0.5581995517209162,0.9224837944308198,1.0887061948592773
4.3950000000000005,0.9221381270125961,1.057704838379389,1.2226576223941472,0.57602508296418,0.9586394365328105,1.1301556184077843
4.4,0.9545245695012002,1.0963345954036625,1.269859108197212,0.5944235464863087,0.9962173648428854,1.1731876318399959
4.405,0.988052722952934,1.1363794177981945,1.3188873972486495,0.6134133615205111,1.0352735354029146,1.217862665871396
4.41,1.0227628410198182,1.1778911466435498,1.369813196452129,0.6330135394609931,1.0758661056953744,1.2642434587460065
4.415,1.0586965965891737,1.220923522224167,1.4227099494407982,0.6532437029003785,1.1180555212531382,1.3123951443487334
4.42,1.0958971318220327,1.2655322536059141,1.4776539425030422,0.6741241052791704,1.1619046056766935,1.3623853436821176
4.425,1.1344091099557727,1.3117750907626013,1.534724414608289,0.6956756511669043,1.2074786541928417,1.4142842598362337
4.43,1.174278768933167,1.3597118993449016,1.594003671691228,0.7179199171953408,1.2548455308942077,1.4681647765848909
4.4350000000000005,1.215553976922264,1.4094047381884058,1.6555772053596114,0.7408791736646375,1.3040757698044325,1.524102560746712
4.44,1.2582842897937028,1.460917939661166,1.7195338161964369,0.7645764068441131,1.3552426799193666,1.5821761684548856
4.445,1.3025210106246097,1.5143181929548737,1.785965741834863,0.7890353419900104,1.408422454381011,1.6424671554847439
4.45,1.3483172513003565,1.5696746304273228,1.8549687899900642,0.8142804671032202,1.4636942839464795,1.7050601917942285
4.455,1.3957279962882756,1.6270589171080942,1.926642476640174,0.8403370574507919,1.5211404749211448,1.7700431804379846
4.46,1.44481016865985,1.6865453434832423,2.001090169555677,0.8672312008758105,1.5808465717315414,1.8375073810221447
4.465,1.4956226984406757,1.7482109216792583,2.0784192373839425,0.8949898239209476,1.6429014843205718,1.9075475378733153
4.47,1.548226593370254,1.8121354851705993,2.1587412045043393,0.9236407187918634,1.7073976205547345,1.980262013101471
4.4750000000000005,1.6026850121565948,1.8784017921401372,2.2421719118768393,0.9532125711874606,1.7744310238405587,2.0557529247440263
4.48,1.6590633403135282,1.9470956326261748,2.328831684116476,0.9837349890248362,1.844101516155193,2.1341262901846867
4.485,1.7174292686719423,2.018305939594797,2.4188455030343654,1.0152385320877488,1.916512846704145,2.2154921750488503
4.49,1.7778528746590063,2.092124904081446,2.5123431878957856,1.0477547426282214,1.9917728464275652,2.2999648477845365
4.495,1.8404067064431355,2.168648094550574,2.6094595826549978,1.081316176951975,2.0699935885851635,2.3876629401457863
4.5,1.9051658700456706,2.2479745806281834,2.7103347504373114,1.1159564380192997,2.1512915556589136,2.478709613804293
